doctor_id,department_id,day_of_week,appointment_hour,patients_ahead,queue_length,average_consultation_time,appointments_scheduled,historical_average_wait,waiting_time_minutes
7,5,5,16,5,9,21.1,27,91.5,128.0
4,5,6,9,5,8,19.4,28,86.3,99.8
8,4,5,13,13,15,19.3,17,211.5,180.0
5,1,1,14,4,9,8.5,12,30.6,41.0
7,5,6,11,10,13,18.7,32,155.8,180.0
10,2,4,13,3,7,14.4,23,44.0,50.1
3,5,3,14,10,11,19.6,18,169.7,180.0
7,4,3,11,3,7,17.4,17,43.8,64.7
8,2,4,15,2,6,16.1,26,25.0,40.5
5,4,4,16,9,12,16.4,32,125.0,180.0
4,2,4,8,7,12,14.4,32,84.7,118.3
8,3,2,14,6,9,13.3,33,73.9,83.5
8,1,6,16,8,9,8.3,25,52.5,81.2
3,1,3,17,0,3,11.8,19,0.4,1.8
6,4,6,12,6,8,19.9,30,101.7,139.8
5,1,5,9,9,13,8.4,19,63.6,81.0
2,4,3,17,3,8,17.2,34,43.4,53.7
8,4,2,13,6,7,17.5,34,88.8,107.7
6,4,4,14,12,16,19.1,33,197.5,180.0
2,1,1,9,11,14,10.4,15,98.9,122.6
5,4,4,9,0,2,18.6,31,1.3,7.1
1,1,4,17,4,7,11.0,26,28.4,55.8
10,4,2,17,2,6,16.5,25,28.9,41.2
6,5,6,8,4,5,21.3,24,67.6,91.0
9,4,3,11,3,8,18.8,31,49.9,78.3
1,2,4,14,1,5,15.3,23,17.4,19.9
10,4,3,16,10,11,19.6,13,163.5,180.0
3,3,0,10,3,7,12.8,13,31.9,55.5
7,4,5,14,2,4,16.8,11,26.8,43.1
4,2,6,14,12,15,14.7,20,153.8,180.0
9,2,3,14,0,5,15.0,13,0.3,5.9
3,1,1,9,11,12,8.2,30,82.1,101.3
5,5,5,13,9,14,21.8,30,168.2,180.0
3,4,1,9,7,12,16.5,25,99.0,122.1
7,1,4,13,14,19,10.8,30,128.6,172.9
5,5,5,17,4,5,20.0,13,70.5,90.3
9,4,3,10,3,4,16.1,10,35.8,59.4
7,3,5,9,9,14,13.7,33,105.1,133.9
2,4,4,13,11,14,19.4,28,181.2,180.0
4,2,2,9,4,8,15.1,11,53.5,62.9
9,2,6,12,3,8,13.9,18,34.9,54.2
2,3,1,9,2,4,10.5,32,14.7,26.4
10,1,4,10,4,9,9.5,34,32.2,53.9
9,5,2,10,3,4,19.0,22,45.3,64.3
10,4,5,13,14,18,18.0,27,208.7,180.0
5,2,5,13,0,2,16.9,25,2.2,4.8
2,1,4,17,11,15,10.3,25,98.0,139.1
4,3,3,10,2,6,13.6,34,24.5,25.8
7,2,5,10,9,11,15.6,19,123.3,173.0
8,3,3,8,14,19,11.9,18,139.6,178.2
3,4,3,14,9,14,19.4,20,144.3,180.0
1,5,6,15,7,12,19.9,34,118.1,140.9
4,2,3,9,6,9,16.5,13,83.0,106.3
2,2,0,11,1,6,14.2,19,9.5,22.0
8,4,6,17,0,2,16.5,12,0.0,0.0
4,1,2,14,2,5,11.4,15,17.6,31.0
2,5,2,15,4,9,20.3,12,63.7,86.5
6,2,5,8,9,12,16.6,18,125.3,153.4
6,5,5,11,14,16,21.8,12,255.4,180.0
10,2,3,13,10,15,13.2,27,113.0,131.6
4,5,6,10,11,12,20.0,17,185.1,180.0
6,3,6,12,0,2,11.5,31,3.3,2.0
2,2,0,17,2,6,15.5,17,31.2,39.7
10,5,3,16,2,6,21.2,24,38.0,54.7
2,1,0,10,4,6,9.1,22,26.4,43.6
10,3,3,12,2,6,12.2,16,25.3,28.7
4,3,1,15,12,14,12.8,28,135.6,157.6
8,1,1,13,8,9,8.5,17,58.1,71.7
7,5,4,11,0,2,21.3,19,4.0,1.3
9,4,3,15,3,8,18.4,26,45.3,61.0
8,1,6,10,12,17,11.8,10,114.7,169.9
5,5,5,10,12,15,19.4,22,195.2,180.0
2,1,2,11,9,13,8.4,22,69.7,100.5
5,1,4,16,9,13,10.0,33,72.2,125.3
8,2,5,12,3,5,13.3,25,34.0,49.1
10,5,1,15,0,4,21.9,18,0.1,0.0
9,4,3,13,13,18,16.2,19,177.0,180.0
9,2,4,10,1,2,16.0,15,12.3,15.5
1,1,3,15,10,12,10.1,14,86.1,105.7
9,1,1,16,0,4,9.5,11,0.0,0.0
7,1,4,15,5,10,8.3,20,30.9,45.8
9,5,1,11,2,5,20.5,18,35.5,48.5
8,5,0,13,6,10,20.3,15,107.0,135.8
1,2,1,8,4,5,14.1,17,50.6,59.0
8,4,6,11,8,9,19.6,18,131.1,180.0
8,2,6,15,6,10,14.2,18,68.8,87.8
3,3,3,8,3,7,11.8,17,29.2,37.4
1,1,2,10,4,9,10.2,21,39.3,50.4
8,1,1,8,4,8,8.4,17,30.5,40.8
3,1,5,16,10,13,11.7,12,101.8,134.9
3,2,6,9,14,19,14.5,22,175.2,180.0
1,2,2,16,4,6,13.3,28,46.6,64.0
5,1,0,11,9,12,9.5,11,73.4,117.0
10,2,4,9,8,13,15.4,26,106.7,147.6
7,5,4,11,9,14,20.1,25,151.8,180.0
10,5,6,17,2,3,20.8,13,31.1,45.3
9,2,2,13,5,10,13.2,27,58.4,78.2
7,1,6,14,7,10,9.1,23,58.1,67.9
9,2,4,10,10,14,16.3,11,135.0,180.0
8,2,1,10,8,11,13.3,22,93.0,127.2
2,2,2,17,12,14,16.4,30,172.5,180.0
1,3,3,15,14,19,10.4,29,123.4,144.2
7,5,1,12,6,11,21.3,26,106.4,158.1
7,4,1,11,11,16,17.4,24,163.5,180.0
8,4,1,14,2,7,18.4,34,29.7,41.7
5,3,3,14,0,1,10.6,29,0.0,0.0
3,2,0,16,3,4,13.3,14,35.1,45.0
8,3,5,16,12,16,10.9,16,106.0,147.1
6,3,6,12,5,10,10.5,27,40.3,61.7
3,1,4,15,2,4,9.2,33,15.8,26.7
1,5,6,17,13,17,20.1,20,221.6,180.0
3,4,2,8,0,5,18.4,27,1.0,0.4
5,2,0,16,5,6,16.2,14,74.3,97.0
3,4,2,15,13,15,18.6,22,206.1,180.0
1,4,6,13,0,4,18.4,27,1.8,7.9
5,5,4,10,8,10,19.6,11,130.7,180.0
10,4,3,10,10,15,17.9,29,154.4,180.0
7,4,6,15,13,16,17.7,13,193.5,180.0
7,3,1,12,11,13,13.4,22,125.2,170.7
9,5,6,17,0,2,18.9,33,0.0,0.0
10,1,1,14,12,13,8.0,25,84.9,100.0
10,2,3,12,5,10,15.6,15,62.4,87.4
3,4,6,15,0,2,16.8,17,0.0,5.2
7,2,0,17,11,16,16.6,25,154.2,180.0
1,1,0,17,6,7,11.4,22,59.7,91.3
4,2,2,11,2,7,13.3,32,23.1,37.6
4,1,3,9,5,6,8.4,13,39.5,47.4
5,3,0,10,6,7,12.0,11,62.4,96.9
7,4,6,15,0,4,18.4,18,0.0,0.0
7,1,3,14,0,5,9.1,27,0.0,9.9
4,2,4,9,12,15,15.9,26,161.1,180.0
7,4,1,13,4,8,18.4,17,65.6,78.7
3,3,6,16,5,6,11.3,24,46.8,62.5
6,4,1,11,14,17,16.1,18,191.7,180.0
2,1,1,16,14,16,11.0,26,132.2,179.3
10,3,3,9,8,10,10.9,32,70.8,92.7
9,2,3,9,13,17,16.3,11,182.4,180.0
5,3,2,16,0,3,11.7,15,4.9,0.0
6,3,1,14,12,17,12.3,14,125.0,151.1
4,5,2,14,3,6,21.5,26,51.4,72.3
10,3,1,8,9,13,13.5,11,102.7,125.1
7,3,2,13,7,12,11.5,27,61.7,85.0
9,4,2,14,9,14,16.8,19,129.8,164.3
7,2,4,13,8,10,16.1,19,110.8,142.2
1,4,2,13,14,17,17.7,15,216.0,180.0
1,4,3,9,12,17,16.8,21,170.5,180.0
9,1,2,13,2,6,11.6,26,21.0,32.7
9,4,1,11,10,12,16.8,22,140.2,180.0
4,5,2,16,1,6,18.1,29,14.3,25.9
9,5,0,8,3,6,18.1,25,41.5,65.8
3,1,5,15,1,3,10.5,19,8.3,9.7
7,2,1,12,0,3,15.6,30,0.0,9.3
6,2,0,8,11,14,14.2,11,134.1,180.0
8,4,1,11,2,5,17.3,11,27.5,45.7
9,4,3,8,6,8,17.4,32,88.8,107.7
5,4,5,13,12,17,18.7,16,190.0,180.0
1,2,5,9,12,13,13.2,15,134.0,171.9
3,3,3,12,0,5,13.7,10,0.2,4.7
10,5,5,14,1,3,18.9,21,16.2,26.2
8,3,3,9,0,1,14.0,22,2.3,1.5
6,3,0,13,7,8,10.7,21,63.2,82.9
8,2,4,13,4,5,16.1,28,53.6,70.9
9,3,1,12,7,11,10.9,18,64.3,93.6
4,1,3,12,2,4,8.3,19,12.0,18.6
1,4,1,10,12,16,19.5,26,197.8,180.0
1,1,0,17,11,12,11.4,27,113.0,163.0
10,5,4,17,6,10,19.6,17,97.3,145.2
4,4,0,9,7,11,18.8,16,111.1,150.9
7,3,5,14,14,16,12.2,18,144.4,180.0
2,5,1,8,5,8,21.4,19,90.3,108.7
3,4,6,13,12,16,17.3,21,175.1,180.0
1,3,4,13,12,16,12.1,24,124.2,163.2
5,1,5,10,6,7,9.9,24,45.6,73.1
1,4,4,9,13,14,17.4,13,195.6,180.0
8,3,5,9,11,12,13.6,13,128.7,155.0
1,1,0,16,1,6,8.7,32,3.6,8.3
1,5,3,12,7,11,18.6,10,103.9,158.7
2,5,1,14,4,5,20.3,21,66.1,86.7
2,5,2,12,6,8,20.6,34,104.5,143.6
6,5,2,14,0,5,18.8,11,7.7,5.3
7,2,0,11,4,7,14.6,24,51.1,78.7
5,4,1,15,0,4,19.8,26,0.0,0.0
1,4,1,17,11,15,17.0,16,156.8,180.0
1,2,0,17,12,14,15.7,15,159.7,180.0
3,3,1,14,7,10,13.0,21,77.9,97.0
2,3,3,17,14,17,11.8,28,136.4,180.0
5,5,0,12,3,8,21.8,10,55.1,83.1
10,1,3,13,3,7,10.9,30,25.8,34.3
6,3,1,12,1,2,11.8,23,6.7,12.8
7,1,0,14,4,6,10.3,13,35.7,44.8
4,4,1,9,0,2,18.8,14,2.3,0.0
7,1,0,12,8,10,10.4,10,73.0,114.5
8,4,1,17,4,6,19.5,10,68.1,92.7
1,2,3,10,5,6,14.4,30,59.8,80.9
6,2,6,16,1,2,14.2,15,14.2,17.2
8,5,3,13,9,14,18.9,14,145.2,173.1
5,3,1,17,9,13,10.2,11,78.1,105.9
4,5,0,10,0,1,18.2,34,0.0,0.0
2,4,2,14,3,8,19.5,30,48.2,60.7
6,5,3,11,6,9,20.7,14,105.9,155.4
6,1,3,10,5,9,10.6,18,52.5,63.9
1,4,5,15,9,10,18.5,28,142.1,167.9
9,2,2,11,0,3,16.4,30,0.0,0.0
6,3,1,8,0,5,11.9,24,0.0,6.7
3,4,6,13,7,8,19.5,22,114.4,133.8
4,4,0,17,3,4,17.4,21,51.0,62.2
4,1,5,8,4,7,11.7,14,38.6,56.1
3,3,1,12,12,13,12.8,11,133.2,180.0
10,2,4,14,6,8,14.0,13,70.4,97.4
3,4,6,13,7,8,18.3,27,109.4,140.3
3,4,3,9,14,18,18.1,30,218.1,180.0
4,1,4,11,9,12,8.6,19,63.7,100.5
7,5,3,9,6,10,20.4,22,101.9,126.1
4,2,3,8,1,6,14.3,21,17.1,12.7
9,3,4,10,13,17,10.2,11,115.8,180.0
1,4,6,10,14,16,19.8,24,237.9,180.0
8,4,4,14,3,5,18.6,23,49.7,68.3
7,2,1,8,9,13,16.5,34,127.7,159.9
2,5,5,16,11,16,20.7,19,199.6,180.0
8,4,5,13,0,1,17.4,31,0.1,0.0
1,2,4,11,9,11,15.1,17,116.9,176.6
9,1,1,10,8,12,10.7,34,68.4,101.0
9,5,5,10,2,6,21.8,24,34.7,53.9
2,3,1,9,11,15,11.0,22,99.4,133.2
7,4,1,9,2,3,19.5,17,37.0,39.8
10,2,3,17,9,12,16.7,30,120.1,171.9
3,1,5,12,8,13,10.7,30,71.4,104.4
7,3,5,16,9,12,13.7,31,96.0,145.1
10,2,3,9,2,7,14.6,23,22.3,30.0
9,2,4,9,7,12,16.8,10,98.6,126.7
4,3,3,13,1,5,12.8,22,15.0,17.2
1,1,5,17,13,15,8.2,17,91.4,128.3
2,1,5,9,12,16,11.6,27,116.1,149.3
1,5,6,11,2,3,19.9,31,37.1,44.8
5,4,4,13,1,6,17.8,18,15.2,18.1
5,3,3,12,0,2,12.3,22,0.1,3.0
7,3,0,8,1,6,10.6,12,5.4,15.2
9,3,0,13,7,12,11.9,27,67.7,96.9
9,1,4,8,8,12,11.3,19,74.5,112.9
3,4,3,10,12,14,16.1,14,164.0,180.0
3,5,3,17,1,3,19.1,34,16.5,29.6
3,2,1,12,6,11,13.0,15,71.0,95.4
4,2,5,17,14,16,14.7,17,175.6,180.0
8,3,2,12,4,6,12.9,33,35.8,61.7
6,4,6,17,2,6,19.2,16,33.4,49.1
8,1,4,13,8,11,11.8,30,75.8,107.7
1,4,2,17,14,15,18.4,27,216.5,180.0
8,4,2,15,5,8,17.0,23,69.9,88.4
4,1,4,12,10,12,11.7,24,97.4,150.5
1,3,3,8,0,5,13.1,19,0.0,4.5
8,4,4,12,4,5,18.3,30,62.8,98.2
4,2,2,10,6,7,15.8,21,76.3,108.2
6,1,5,11,3,8,11.7,16,30.9,41.5
8,5,6,15,7,8,20.8,16,130.8,153.0
4,3,6,14,9,14,11.5,20,83.8,106.8
3,1,5,12,4,5,10.9,22,36.0,48.1
9,5,5,9,8,11,18.2,24,115.9,146.1
3,5,3,13,8,9,19.5,27,132.0,162.3
9,4,0,13,8,12,17.6,16,121.8,162.3
2,4,4,17,0,5,16.7,15,2.2,0.0
2,4,6,17,1,2,16.1,32,13.9,18.7
2,1,5,13,2,7,8.5,20,17.2,26.7
6,1,4,16,13,17,10.6,17,125.0,171.6
3,3,6,15,3,4,13.2,29,38.8,33.8
9,4,5,15,9,10,20.0,10,151.1,180.0
4,5,6,8,8,12,19.4,17,127.5,160.6
1,2,3,12,9,13,15.4,17,116.6,163.0
4,3,0,14,12,16,13.7,28,137.4,180.0
1,1,0,13,5,10,8.7,12,38.2,56.0
5,3,5,12,0,4,12.9,14,0.0,0.0
4,3,6,15,11,16,13.0,12,121.5,148.6
8,3,3,10,8,11,10.4,24,72.9,110.0
8,3,1,13,5,6,13.4,23,56.8,72.6
7,2,4,12,3,4,16.3,30,38.6,66.4
3,4,4,15,13,15,16.1,24,181.8,180.0
1,5,2,11,3,6,18.4,33,41.2,66.4
1,3,3,15,2,6,10.2,26,16.4,26.6
3,3,6,17,6,10,11.3,27,57.7,82.7
6,3,2,9,2,5,12.0,11,20.5,28.7
7,4,5,16,1,5,18.1,21,16.0,21.2
6,1,6,16,9,11,9.1,25,71.2,96.0
6,1,2,17,7,12,11.6,13,69.2,93.3
6,2,0,17,3,4,14.5,34,35.8,54.6
3,1,4,13,7,10,8.2,11,47.5,63.3
6,3,6,11,0,1,11.2,23,0.0,0.0
8,3,2,11,14,19,12.1,20,146.6,180.0
2,3,0,13,4,7,11.6,22,37.6,50.9
5,2,3,12,12,17,14.1,34,146.3,180.0
1,3,2,13,8,12,10.5,16,71.6,89.5
1,1,5,14,0,4,11.3,19,0.0,3.6
5,4,5,14,10,14,20.0,33,171.7,180.0
3,4,5,16,12,17,17.3,10,174.5,180.0
4,5,6,15,3,8,19.5,30,51.7,67.9
3,1,4,13,5,10,10.5,34,45.1,66.4
1,3,2,13,9,10,12.9,13,96.7,122.9
1,4,3,12,7,12,17.6,27,106.1,148.0
5,1,2,8,13,17,11.6,15,130.0,160.8
6,4,4,16,2,4,18.2,11,34.5,50.9
3,3,0,16,4,9,11.8,12,43.0,66.5
9,4,4,16,6,8,18.6,23,96.3,144.3
5,5,5,15,0,4,21.8,17,0.0,2.2
8,5,6,17,14,19,21.2,25,259.4,180.0
1,4,0,10,6,7,16.2,28,78.2,131.5
5,1,6,8,12,13,9.3,27,98.0,116.0
3,1,5,15,11,13,9.9,15,93.7,113.9
1,1,1,14,10,11,9.3,23,75.2,98.1
4,4,4,12,7,8,18.8,12,111.5,174.1
5,1,4,17,7,8,11.3,25,67.0,103.4
7,3,3,14,8,12,12.9,10,91.8,108.5
1,5,2,17,5,6,22.0,21,91.2,117.7
3,3,0,11,11,14,11.1,23,102.9,162.3
2,1,6,16,5,10,11.5,28,41.9,64.6
9,3,0,17,1,2,13.1,31,16.3,10.9
10,1,3,9,2,3,9.4,28,12.9,15.3
6,4,3,16,3,4,18.9,18,49.3,65.8
10,3,6,16,3,6,10.4,16,26.3,42.8
3,4,2,12,7,8,19.2,23,113.7,158.4
8,4,6,8,13,14,18.1,14,202.8,180.0
8,2,6,14,0,5,14.2,27,5.0,7.2
2,1,5,17,9,12,10.6,18,82.0,105.0
6,5,2,17,13,16,20.6,30,229.2,180.0
7,1,4,11,3,4,8.8,16,23.5,35.5
2,5,5,16,10,13,18.1,18,157.1,180.0
10,1,1,13,11,13,9.7,13,89.6,111.6
2,4,2,10,12,15,18.3,34,189.7,180.0
10,3,3,13,10,13,13.5,26,118.1,142.1
1,3,5,17,10,13,13.7,21,119.8,163.9
8,2,2,13,3,7,15.1,15,36.6,52.3
1,5,0,12,0,4,21.0,27,0.0,0.0
9,5,6,9,2,6,19.8,17,34.3,37.2
6,5,1,17,4,7,21.0,30,67.2,89.1
7,4,4,17,5,7,16.8,24,76.3,110.5
10,5,6,9,8,11,19.5,12,132.5,157.6
7,3,0,14,8,9,12.5,11,86.1,113.5
10,4,0,9,8,10,16.1,33,107.6,151.7
3,1,1,13,10,14,10.9,32,88.6,109.4
2,5,4,12,0,5,21.3,18,0.0,8.5
9,5,3,11,11,13,19.6,17,183.9,180.0
8,1,5,14,8,12,9.8,13,68.6,79.7
10,5,4,15,12,14,21.4,11,218.8,180.0
7,1,2,11,7,9,11.1,23,67.1,91.0
9,4,0,8,1,4,17.2,11,13.6,22.6
4,3,2,8,12,13,11.3,11,116.7,139.5
4,1,3,8,10,15,10.7,31,95.5,107.0
1,2,2,8,0,4,15.3,16,2.1,1.1
8,1,4,12,0,2,8.6,21,2.4,0.0
3,5,2,11,11,16,19.2,15,180.8,180.0
7,4,3,16,5,7,19.6,27,78.8,106.6
2,4,3,10,8,9,18.8,13,124.4,175.1
2,1,3,14,6,11,11.9,28,62.3,77.9
7,3,4,15,4,8,13.1,22,44.4,60.6
6,2,3,13,10,12,16.8,29,143.8,174.7
3,4,0,17,1,2,16.9,30,19.4,24.1
9,5,6,8,0,5,21.1,32,2.2,0.0
10,5,3,15,1,3,18.1,34,19.1,19.3
6,3,2,17,0,2,12.7,11,0.3,0.0
10,4,5,10,2,6,17.9,17,28.0,45.1
10,1,2,15,5,6,9.4,28,39.7,48.7
6,5,5,11,12,15,21.4,18,216.4,180.0
1,3,2,15,7,9,13.4,13,84.5,99.7
4,4,4,8,2,7,16.1,25,29.7,43.6
10,4,2,10,9,13,18.4,28,142.6,180.0
6,4,4,13,8,12,17.5,19,122.5,156.0
6,4,4,16,9,11,17.7,15,129.1,180.0
5,4,3,9,4,6,19.3,25,67.5,75.0
1,5,0,8,6,8,19.2,19,94.2,128.3
8,3,5,17,7,10,13.8,22,81.9,115.9
5,4,3,10,2,4,16.7,18,27.5,40.7
5,2,3,11,1,2,15.7,16,15.3,11.5
7,2,6,12,1,6,15.7,13,14.0,13.9
4,3,4,10,4,6,11.0,28,41.5,59.4
6,1,4,17,14,17,9.3,13,108.9,169.5
4,1,5,9,0,5,11.3,28,2.1,0.0
3,1,2,9,14,18,11.0,28,131.9,165.5
7,2,2,14,1,3,14.3,21,7.3,21.1
8,1,3,16,12,17,10.1,22,100.6,149.8
4,5,1,17,8,12,18.2,34,123.6,167.9
2,4,1,9,6,9,16.8,13,89.2,107.5
10,2,2,14,14,15,14.9,34,179.2,180.0
3,3,1,14,14,16,10.3,19,119.6,161.2
1,3,6,14,5,6,13.4,30,56.4,67.6
8,4,2,10,8,11,18.9,16,134.4,175.4
3,2,4,14,6,11,16.8,14,85.9,115.2
10,1,3,8,13,18,10.8,26,118.1,155.1
7,1,0,17,10,13,11.8,27,101.4,157.6
10,5,3,8,4,7,20.2,20,71.0,84.9
5,5,2,12,14,16,20.4,24,241.4,180.0
10,1,6,9,8,12,11.9,30,82.5,101.4
5,3,2,16,5,6,12.6,31,52.4,68.0
7,3,3,14,5,6,10.1,16,45.2,59.5
9,5,6,11,10,15,20.9,27,178.1,180.0
5,4,6,11,3,8,19.6,34,51.5,77.8
1,1,6,9,12,14,11.2,15,111.8,146.4
10,5,5,12,11,14,20.3,27,187.7,180.0
10,5,2,11,0,1,20.7,25,2.8,7.8
1,1,1,8,4,6,12.0,11,40.4,59.8
2,1,1,15,10,15,8.4,28,71.9,90.4
6,3,2,10,8,13,12.7,10,85.2,119.8
9,4,2,13,12,13,17.1,34,177.5,180.0
8,4,5,11,7,12,18.6,20,108.6,164.4
5,1,1,16,7,12,10.4,29,61.7,84.6
1,2,2,14,4,8,13.6,14,48.6,63.0
7,5,2,16,11,14,18.8,25,179.6,180.0
5,5,5,17,8,13,20.5,32,137.7,180.0
6,1,5,10,2,6,8.5,10,20.4,19.8
7,2,3,8,2,4,14.1,28,24.8,25.4
3,3,5,12,0,5,13.3,23,0.0,1.7
10,1,0,10,8,10,9.3,12,64.4,97.1
3,1,1,13,5,10,10.0,11,41.1,57.1
5,5,3,15,1,2,21.8,33,19.8,22.6
6,1,0,11,7,11,8.9,14,52.9,86.9
9,1,2,12,11,15,9.6,26,89.6,127.3
5,1,2,12,8,9,10.4,27,68.2,97.8
1,5,3,11,8,11,21.0,10,145.9,180.0
4,3,5,11,1,5,13.6,24,8.1,26.3
5,3,6,11,1,3,13.7,31,8.3,18.1
10,1,6,11,12,16,11.1,18,114.4,153.3
10,5,2,11,6,9,18.9,32,101.3,132.9
5,3,6,12,10,12,10.1,14,84.8,122.5
7,3,4,9,3,5,11.5,22,31.5,47.9
4,3,3,9,12,13,10.6,28,111.0,137.4
1,5,0,16,0,5,20.8,33,2.4,0.0
5,5,3,9,7,8,20.6,19,121.9,158.2
7,1,1,13,1,6,8.2,29,3.7,11.1
10,4,5,9,13,14,19.3,34,207.2,180.0
10,3,5,12,2,7,11.0,30,17.9,24.2
6,4,3,11,4,8,17.7,23,63.8,76.0
5,5,2,14,13,15,20.7,31,225.1,180.0
4,5,2,14,2,7,19.7,30,35.6,29.9
2,5,4,13,6,10,19.8,21,98.0,143.9
4,4,4,17,6,9,16.3,20,83.3,123.4
10,5,5,12,13,14,19.6,32,218.8,180.0
10,1,4,8,1,4,11.1,16,7.4,16.0
3,5,0,10,12,16,21.7,26,221.5,180.0
10,2,4,16,12,15,14.7,27,148.2,180.0
1,4,0,8,6,9,17.7,16,92.4,126.1
8,2,4,12,10,14,15.8,33,135.1,180.0
5,5,5,9,5,7,21.8,29,92.7,108.8
4,1,5,11,9,14,9.1,15,74.0,104.2
8,3,0,8,8,9,11.8,20,82.0,111.2
7,5,3,10,12,17,21.2,21,214.0,180.0
2,1,5,17,8,9,10.4,25,70.7,105.1
1,4,3,14,1,6,16.4,28,13.7,17.7
4,2,2,17,6,9,15.5,32,79.3,103.3
8,2,0,10,4,6,13.7,28,54.3,74.2
2,2,6,11,12,15,15.0,20,154.5,180.0
3,4,5,9,5,7,18.1,25,70.9,96.1
1,1,1,10,0,4,11.5,32,0.0,0.0
1,4,2,16,6,7,17.8,21,85.2,119.7
3,2,3,10,5,6,14.1,17,59.0,91.7
5,5,5,12,3,7,18.9,12,42.3,67.2
3,3,0,9,0,5,13.5,11,0.0,0.0
1,4,6,11,8,12,16.7,15,108.9,164.2
1,4,4,14,3,7,17.7,25,46.3,57.7
8,1,6,14,1,3,8.7,29,7.4,7.5
10,1,1,10,7,11,11.1,33,66.9,97.1
2,4,3,12,1,2,17.9,24,14.9,25.3
3,2,2,8,4,7,14.4,23,44.8,66.0
2,3,6,17,10,12,11.4,11,98.8,128.9
3,1,0,17,5,7,11.4,29,54.3,74.9
7,2,1,17,10,15,15.2,27,130.6,173.0
1,5,0,8,12,15,20.9,23,211.6,180.0
10,1,5,12,7,9,11.6,27,64.7,102.6
8,2,4,17,10,14,16.6,11,138.4,180.0
10,2,2,16,0,2,14.3,10,1.4,2.1
10,3,0,8,0,2,13.8,29,3.2,1.6
10,3,3,8,11,13,10.1,11,95.2,113.3
2,5,5,11,3,8,19.5,18,52.1,75.2
3,2,5,11,4,6,16.6,18,58.5,81.5
9,2,2,9,12,14,14.1,25,145.3,168.2
7,3,5,16,14,19,11.1,20,130.0,180.0
4,1,3,16,12,15,9.2,32,94.5,126.0
10,1,0,9,8,9,10.4,15,68.5,100.8
5,4,2,16,10,15,17.8,21,151.0,180.0
2,3,5,13,13,18,12.9,12,143.6,175.4
8,4,5,15,6,8,19.6,21,104.9,122.9
4,3,3,17,6,8,12.7,32,60.8,88.0
9,5,4,11,7,8,18.8,10,113.4,173.7
5,2,4,9,14,16,16.7,18,203.5,180.0
9,5,6,9,4,8,19.1,29,67.1,86.8
4,3,5,16,4,6,10.6,31,38.5,51.7
10,2,0,8,0,2,13.4,15,1.8,6.4
5,1,2,14,13,17,10.3,20,117.2,145.3
9,1,5,10,8,9,8.5,12,54.2,82.2
8,4,1,10,5,9,16.6,13,66.2,94.6
3,3,2,9,8,13,11.2,19,76.1,93.8
1,3,6,17,2,6,11.1,28,12.4,33.8
3,1,4,13,4,7,10.4,15,39.1,54.9
4,5,5,17,1,6,21.3,10,21.7,23.9
2,2,3,9,9,11,16.0,17,121.4,138.6
1,5,1,17,4,9,19.0,17,63.7,87.5
7,5,5,11,14,15,19.0,34,225.7,180.0
8,1,6,17,12,13,11.9,15,121.2,162.1
7,1,0,16,12,16,8.0,26,82.3,126.8
5,1,1,16,12,17,11.5,28,119.2,164.1
1,4,6,13,14,16,16.8,10,199.4,180.0
7,5,5,11,13,14,21.8,24,243.6,180.0
7,3,0,14,7,9,11.4,22,69.0,84.8
9,2,1,8,10,13,14.8,30,123.7,152.7
3,4,0,11,1,2,18.8,12,20.0,34.0
9,3,0,12,7,11,12.4,11,69.4,116.4
1,5,1,15,3,6,19.3,12,48.9,62.3
1,1,1,9,9,14,10.2,18,81.0,100.4
4,5,0,12,9,11,20.9,25,157.9,180.0
9,2,6,13,14,15,13.2,33,157.6,180.0
6,4,4,12,0,3,16.0,22,1.6,0.5
3,4,1,16,12,15,17.8,28,179.3,180.0
1,2,5,17,4,5,13.5,27,45.8,67.1
4,3,2,8,12,17,12.7,30,128.6,160.6
9,3,3,10,0,5,10.9,21,0.0,0.0
3,4,0,9,6,10,17.7,21,97.3,123.7
9,4,0,10,7,12,16.8,10,97.6,151.5
7,1,3,17,2,6,10.2,29,20.3,20.6
4,3,4,16,2,5,10.5,17,16.6,24.5
3,2,3,16,6,7,13.1,26,63.5,92.1
10,3,1,17,3,8,10.2,30,26.3,42.7
5,1,3,9,2,6,11.8,29,22.0,28.6
5,4,0,10,14,17,16.6,31,199.9,180.0
3,4,3,11,7,12,18.8,16,116.7,159.5
9,1,2,16,2,4,8.3,18,22.9,20.6
4,2,5,10,12,15,13.4,26,137.8,180.0
5,4,1,14,13,18,18.0,19,197.3,180.0
4,5,3,10,6,9,19.9,13,102.6,142.0
5,4,0,14,1,2,19.8,31,16.0,18.6
7,5,6,14,10,11,21.8,16,187.9,180.0
9,1,5,16,10,11,11.1,16,90.6,127.2
7,1,1,9,0,2,10.4,17,7.1,1.1
5,4,0,13,11,12,17.8,33,169.2,180.0
10,3,4,16,5,7,11.4,33,43.5,76.7
10,5,2,9,7,8,21.8,17,127.5,159.0
7,2,4,9,0,3,15.4,25,2.4,3.7
10,4,2,12,12,17,18.3,21,190.4,180.0
5,2,3,17,9,14,13.9,24,102.7,141.8
3,4,1,17,11,12,16.2,17,153.5,180.0
7,3,3,17,8,13,13.8,31,87.9,125.0
2,3,2,15,14,15,11.3,18,133.7,166.8
9,3,2,16,2,3,11.8,12,23.3,18.8
10,3,2,9,2,6,10.5,31,16.1,22.0
10,1,5,12,3,7,11.3,30,24.4,49.8
1,1,0,14,10,14,8.1,25,69.4,98.0
6,5,1,13,14,16,21.3,24,252.1,180.0
7,2,3,13,0,4,13.6,33,1.9,9.9
8,4,3,14,8,9,19.5,13,130.3,151.5
10,4,4,10,10,13,18.9,29,158.5,180.0
9,1,2,10,2,6,8.7,25,8.7,21.3
2,4,6,17,12,16,18.3,19,186.8,180.0
10,1,2,16,9,12,9.3,20,70.3,101.1
2,5,2,15,3,4,18.7,14,44.2,54.7
5,2,6,12,0,2,16.4,20,0.6,5.0
5,5,3,13,3,7,19.6,22,53.1,60.7
6,3,4,17,12,15,11.6,24,117.6,180.0
3,3,0,8,0,1,10.7,15,0.8,0.0
8,3,6,17,4,9,11.5,25,40.0,54.7
1,5,5,8,4,6,21.5,24,69.4,87.0
6,4,1,11,13,16,17.5,20,199.0,180.0
4,2,6,9,10,13,16.8,29,141.4,172.5
1,3,0,14,6,9,13.8,11,72.3,95.3
7,3,3,9,13,17,10.6,11,119.2,148.1
9,3,5,17,7,12,10.7,21,63.3,90.6
4,2,5,9,3,5,16.5,25,43.8,55.4
4,3,5,12,6,7,11.6,28,59.7,84.2
6,2,2,11,3,4,13.0,11,28.9,45.2
3,3,1,15,2,7,11.1,26,17.9,24.3
6,5,3,11,14,17,20.4,23,240.8,180.0
7,5,3,13,5,8,21.2,33,88.7,111.0
10,2,5,12,3,6,13.5,25,30.6,49.1
10,5,3,9,13,16,18.4,14,207.2,180.0
3,2,1,15,2,5,16.7,19,33.2,29.8
7,5,1,9,14,19,21.0,26,252.9,180.0
3,5,4,16,14,18,20.4,22,246.1,180.0
2,2,6,16,8,10,16.1,25,108.3,150.5
10,4,6,10,4,7,17.7,18,58.3,85.0
4,5,4,11,12,16,21.0,33,212.2,180.0
8,3,0,15,13,14,11.5,13,128.9,169.8
9,4,6,16,6,11,17.0,33,87.3,116.7
7,2,1,10,11,15,15.9,25,148.6,180.0
1,4,1,12,13,16,17.7,32,199.2,180.0
3,1,6,15,5,8,11.9,20,51.9,63.8
9,1,1,10,9,12,9.4,16,69.4,105.3
1,5,4,14,14,18,21.7,26,256.0,180.0
9,5,5,15,4,7,21.7,31,75.9,90.7
8,3,5,17,6,10,11.0,22,59.1,74.9
1,4,3,10,10,13,19.2,13,164.8,180.0
6,1,5,9,5,6,9.7,23,47.1,50.0
5,5,2,17,9,10,21.7,19,170.7,180.0
6,4,4,14,1,3,17.8,19,16.5,23.8
10,5,1,16,12,15,21.0,19,211.5,180.0
5,5,6,8,12,15,19.9,21,198.7,180.0
6,1,5,10,12,16,8.9,11,89.7,138.0
5,1,4,12,2,6,8.8,32,17.2,29.1
5,5,5,10,1,4,19.7,18,22.2,17.2
4,2,0,8,11,13,16.0,14,151.1,180.0
3,5,1,14,2,5,20.4,17,38.2,44.3
3,5,0,14,0,4,20.8,30,0.0,3.3
4,3,1,17,7,10,11.1,23,68.1,84.7
9,3,4,15,5,9,11.9,16,53.2,74.7
2,3,3,12,12,15,10.2,16,97.9,151.3
9,2,5,17,1,6,16.3,18,12.6,22.8
1,2,5,12,7,11,17.0,12,103.8,147.5
1,5,2,12,5,7,19.6,23,84.2,118.2
5,3,6,8,6,11,10.0,26,47.6,67.6
6,2,0,17,10,13,13.7,27,109.0,178.2
6,1,5,12,0,4,10.6,21,0.0,6.4
3,5,4,13,6,11,20.4,31,104.1,137.1
7,4,3,8,2,4,19.2,23,29.9,42.8
9,5,6,14,10,14,19.0,22,162.1,180.0
10,4,4,8,11,16,19.1,23,179.7,180.0
8,3,0,9,7,12,12.8,18,77.9,106.1
6,4,2,9,5,10,17.3,28,66.4,85.9
8,3,5,12,3,4,12.2,11,27.1,43.5
5,1,4,17,10,13,8.6,20,72.1,111.5
8,4,6,14,7,11,17.8,26,107.7,128.4
10,5,1,8,8,12,21.5,11,147.8,179.5
4,3,3,17,9,13,11.7,28,90.8,125.4
10,5,6,8,1,6,21.4,16,17.0,24.2
8,2,4,8,14,17,15.4,27,181.8,180.0
10,3,3,13,5,7,10.8,22,43.6,62.9
2,4,5,9,4,8,18.3,14,64.6,79.2
5,3,1,8,4,7,12.0,27,38.1,52.4
9,5,2,13,9,12,19.6,32,152.4,178.5
4,1,6,9,10,11,8.5,33,72.7,93.0
6,3,2,13,2,6,11.7,33,19.7,27.7
1,4,1,17,11,16,16.3,25,150.4,180.0
9,2,3,15,7,10,13.4,24,75.6,99.0
1,1,5,9,13,16,9.7,17,104.8,126.4
5,2,4,16,7,9,14.2,24,83.6,118.2
4,3,1,15,11,12,13.7,34,121.0,159.7
3,5,0,17,4,7,19.5,10,65.7,95.6
6,5,3,8,7,10,21.0,26,127.9,154.0
2,4,2,14,9,14,18.1,24,140.3,170.5
3,5,6,17,14,19,20.8,23,246.2,180.0
5,1,1,13,7,9,9.0,23,53.9,67.4
9,5,2,13,2,4,21.8,19,35.3,42.1
2,4,3,13,1,3,18.1,11,15.8,19.6
10,3,2,13,8,13,13.3,15,95.2,110.8
8,3,1,17,1,6,11.5,26,12.6,14.1
2,5,3,14,8,9,18.4,14,126.7,150.4
5,2,0,10,3,7,15.7,14,38.5,62.2
7,3,1,13,11,15,10.0,24,96.0,121.5
8,5,4,10,12,13,19.9,24,197.9,180.0
1,4,5,14,1,5,16.8,29,13.5,23.4
6,5,1,14,9,14,20.5,20,158.6,180.0
1,3,3,15,0,4,13.9,14,2.2,5.4
2,4,6,9,3,8,17.9,10,47.5,59.7
1,5,5,16,8,9,21.3,20,145.5,180.0
5,1,1,12,11,13,10.0,20,93.2,136.9
10,4,0,16,8,9,18.0,15,123.9,178.9
9,1,6,17,3,7,11.7,32,27.0,46.1
6,2,0,12,8,13,16.6,17,110.1,176.5
1,4,4,14,14,18,19.1,11,228.0,180.0
1,1,6,16,11,15,9.2,24,86.4,122.2
2,3,2,11,5,7,12.2,32,46.3,73.9
9,3,6,9,0,4,10.9,31,1.4,1.6
3,2,5,16,9,11,14.8,18,115.4,149.9
1,4,6,9,12,17,17.9,24,182.7,180.0
5,4,3,10,13,18,19.3,17,220.7,180.0
7,4,3,17,5,7,19.6,25,81.2,114.8
6,2,2,9,8,9,14.7,23,98.6,123.2
1,4,6,10,12,17,16.1,24,162.7,180.0
5,3,0,13,1,2,13.4,29,11.2,20.9
5,1,0,10,5,10,8.7,22,36.0,59.4
6,3,1,17,1,6,12.5,18,6.4,12.3
3,3,4,15,3,6,10.1,10,24.1,41.5
5,1,5,13,14,18,9.6,15,113.9,141.3
7,3,4,14,7,11,13.9,17,86.7,110.1
5,2,6,8,12,13,13.4,29,143.3,160.1
5,1,4,10,6,10,9.7,27,53.4,80.9
5,3,1,10,10,11,11.2,27,93.1,128.1
10,5,4,9,11,16,21.6,26,200.1,180.0
10,3,2,14,12,15,13.5,30,137.0,171.6
3,2,1,16,8,11,14.0,25,100.2,131.2
1,4,2,11,6,11,16.3,22,82.8,115.5
5,3,6,12,0,2,12.5,31,0.0,0.5
9,4,1,10,1,3,17.3,13,13.2,18.0
1,5,6,16,5,9,20.7,13,90.2,116.1
3,3,6,11,6,7,10.1,30,53.7,74.5
4,1,4,12,2,5,8.5,23,13.9,22.1
1,4,2,8,8,12,18.7,14,129.5,155.0
1,5,6,9,12,17,18.8,25,185.4,180.0
8,1,2,16,14,17,11.4,23,136.3,180.0
2,1,2,9,6,7,8.2,23,44.6,54.9
8,1,1,12,13,14,8.9,23,95.4,142.7
7,1,3,15,5,7,12.0,34,48.5,68.6
10,3,4,10,12,16,11.7,33,114.1,180.0
10,3,6,13,5,10,12.8,34,59.2,67.6
2,3,2,11,0,3,10.7,23,0.0,0.0
6,5,5,14,12,13,20.4,28,209.2,180.0
6,5,3,17,4,7,20.9,12,72.9,94.9
3,5,6,10,9,14,19.3,26,151.9,180.0
2,2,5,13,2,5,16.3,23,27.3,30.2
1,5,4,17,6,10,20.4,19,102.5,157.2
6,3,4,16,9,11,11.6,22,88.9,138.8
5,3,2,17,2,5,12.2,31,24.6,29.2
9,2,2,8,4,6,15.3,13,51.5,60.2
1,2,6,10,6,11,13.7,20,66.8,99.2
7,5,1,9,13,15,19.6,24,212.1,180.0
5,4,3,15,2,5,17.4,24,25.9,37.1
5,2,6,14,12,15,14.6,33,151.6,180.0
2,1,3,9,12,13,11.0,11,111.7,138.9
3,3,2,13,9,12,11.9,20,89.4,112.2
7,1,4,10,1,3,11.8,11,7.8,18.5
6,3,2,15,5,6,11.2,32,47.7,61.3
2,3,4,17,7,10,11.7,14,68.7,97.1
6,2,6,10,3,6,16.1,22,40.4,59.1
2,2,4,17,8,13,15.2,10,107.3,163.2
2,1,2,16,11,12,10.2,16,99.9,123.9
2,3,0,8,11,16,10.2,16,90.7,131.2
3,1,3,12,14,19,9.6,19,115.2,171.7
2,4,5,10,7,12,17.1,15,99.3,147.9
4,1,4,13,6,10,12.0,29,60.4,82.1
9,5,4,17,13,18,19.2,21,213.5,180.0
6,1,0,9,6,8,11.5,22,58.2,80.1
1,5,6,16,2,5,20.7,33,35.9,45.1
8,5,6,13,13,17,19.4,20,216.0,180.0
7,5,6,14,5,10,20.2,27,86.6,104.8
10,4,5,12,12,15,19.4,11,195.6,180.0
3,1,1,16,12,13,11.5,25,115.8,155.7
1,1,0,8,4,5,8.6,11,25.1,35.4
5,4,5,12,0,3,17.4,28,0.0,1.3
4,3,0,17,10,12,11.3,15,102.3,150.1
10,2,4,13,2,5,13.2,10,20.0,31.8
8,1,3,14,12,15,10.4,20,102.4,130.9
1,2,0,11,11,15,16.4,27,154.5,180.0
10,4,1,8,0,1,17.5,19,0.0,0.0
1,3,2,15,3,4,13.0,27,32.5,48.4
4,3,5,17,9,14,12.5,10,99.9,130.8
8,3,0,11,2,5,11.5,28,21.2,34.4
5,4,0,10,10,13,16.6,25,139.2,180.0
2,5,1,14,3,5,20.8,16,51.9,67.0
6,5,3,9,8,9,21.4,24,144.1,176.9
5,2,0,15,2,4,15.7,10,29.4,36.4
2,5,0,13,11,15,18.1,32,168.0,180.0
3,5,3,14,5,10,18.9,30,74.8,96.8
9,3,1,12,5,7,10.3,18,43.5,63.7
7,3,5,16,6,7,12.3,11,58.0,87.1
7,2,5,12,8,12,16.0,26,115.5,152.9
6,1,0,12,11,14,8.4,34,76.0,125.6
8,2,3,10,6,10,16.4,33,82.9,117.7
4,2,0,8,13,15,15.2,19,169.0,180.0
8,4,6,9,0,1,18.8,15,0.0,0.0
4,4,2,15,14,16,19.9,14,235.8,180.0
8,2,5,8,7,10,13.3,17,80.6,109.1
9,2,6,14,4,7,16.6,17,61.0,71.2
3,2,4,12,8,9,13.5,14,94.1,143.7
3,5,2,10,9,14,19.6,21,154.2,180.0
2,4,0,14,12,16,19.4,16,194.8,180.0
10,2,1,16,14,18,16.6,22,198.8,180.0
3,3,5,9,11,14,12.0,22,112.9,138.1
3,3,4,15,4,6,12.4,26,43.1,61.7
5,5,2,16,4,6,20.8,13,75.0,93.3
5,5,5,10,14,19,21.3,27,253.2,180.0
2,1,3,9,11,13,8.5,19,78.1,101.3
10,1,1,14,11,15,11.2,12,106.7,126.7
6,1,2,12,13,15,9.9,21,104.3,158.0
5,5,3,12,1,6,19.8,10,16.1,21.0
6,5,6,17,11,15,19.7,20,183.8,180.0
1,5,0,12,10,12,20.0,27,167.6,180.0
5,3,3,11,2,6,13.8,22,26.6,46.0
9,5,2,12,9,12,20.2,26,151.3,180.0
10,3,2,11,8,11,13.8,17,93.5,132.6
2,1,6,13,6,9,8.7,29,45.4,61.4
1,1,0,11,0,2,10.9,28,4.1,5.1
10,1,3,9,2,7,11.2,26,19.1,29.4
9,2,3,16,11,15,15.7,11,149.8,180.0
10,2,0,9,1,2,15.4,12,15.2,23.4
9,4,3,16,0,3,18.3,12,0.4,5.2
9,4,5,17,8,11,19.4,15,128.9,177.5
6,4,0,13,7,8,19.3,19,110.5,153.5
8,2,1,16,14,15,13.5,33,160.8,180.0
1,2,2,16,4,6,16.4,31,54.1,71.5
10,4,1,10,10,14,17.7,27,152.8,180.0
4,4,5,8,11,14,17.0,27,161.3,180.0
1,5,6,8,1,6,21.5,23,17.7,20.9
8,4,5,10,0,2,17.7,25,0.0,0.4
1,5,4,12,6,8,21.2,16,109.8,164.6
3,3,4,10,12,17,11.1,10,109.7,176.2
4,2,4,16,10,15,13.0,26,108.4,165.2
8,4,0,16,10,15,18.0,32,149.9,180.0
6,2,3,10,14,15,13.4,34,159.1,180.0
10,2,5,10,1,4,16.0,14,17.1,17.0
7,2,1,12,0,1,14.1,10,0.0,5.4
8,3,6,9,1,4,11.8,30,8.7,11.9
2,1,1,13,6,7,8.3,26,38.0,48.5
10,4,1,14,6,10,17.1,19,89.1,105.9
8,1,1,16,9,12,11.1,21,82.8,114.8
3,1,6,13,5,7,8.6,34,36.9,52.8
7,1,4,10,4,7,10.6,29,34.9,60.8
3,2,1,12,2,5,16.7,34,30.9,45.4
7,5,6,11,13,16,20.7,11,228.5,180.0
2,2,6,12,11,15,16.2,32,151.7,180.0
10,2,3,15,2,3,13.4,25,24.3,25.6
6,1,6,15,10,12,9.0,24,82.8,95.2
3,2,4,13,12,13,16.6,22,171.8,180.0
3,1,1,8,11,12,10.9,27,101.3,124.6
9,5,6,15,8,13,20.6,29,139.8,173.7
7,4,0,15,3,7,18.7,31,46.0,65.6
5,1,6,9,8,13,9.7,23,62.8,89.0
10,5,2,11,3,7,18.2,27,44.7,61.6
7,4,2,9,1,2,19.1,11,14.0,22.1
9,3,2,11,14,15,12.7,11,153.3,180.0
1,1,6,17,3,7,9.9,12,22.0,36.5
7,1,4,14,5,6,11.6,14,53.3,69.8
6,3,1,16,5,6,11.3,34,50.5,64.5
10,3,5,15,4,6,11.2,25,38.1,49.9
9,1,5,16,14,19,11.5,31,136.7,180.0
1,3,5,15,14,19,13.2,24,155.3,180.0
4,2,4,9,0,5,15.1,21,0.8,4.7
9,4,3,14,2,5,16.5,18,31.4,42.5
4,4,0,9,4,6,16.9,23,55.2,73.2
10,4,0,9,5,10,18.6,30,74.6,112.3
3,2,2,11,13,18,14.5,25,162.8,180.0
9,3,2,8,0,2,13.3,20,1.0,0.0
2,5,6,12,13,14,21.8,15,237.5,180.0
4,3,5,13,13,18,13.2,19,143.9,180.0
6,1,6,16,8,9,9.5,17,62.1,86.6
2,4,5,17,13,18,19.2,25,209.5,180.0
8,3,2,15,2,6,11.4,12,18.4,19.0
8,5,1,9,9,12,18.7,11,142.0,170.6
1,1,3,8,12,17,8.1,25,81.0,106.9
3,2,6,9,2,6,14.5,28,22.4,32.1
10,2,3,14,10,12,16.6,18,140.5,170.1
9,5,3,11,1,5,19.0,25,16.6,25.1
5,1,3,17,7,9,8.8,31,51.6,76.6
6,4,2,12,14,19,19.9,13,240.0,180.0
4,3,0,14,12,14,10.1,19,104.5,139.8
10,1,2,10,2,6,11.1,28,14.2,32.3
2,2,3,17,5,8,14.3,22,62.3,78.7
8,5,2,9,1,2,18.1,27,17.2,18.3
6,5,3,14,6,7,21.7,24,109.2,132.7
5,3,4,12,12,15,10.6,13,103.2,162.8
9,5,5,8,3,4,20.2,18,51.6,60.9
1,5,0,8,8,13,19.1,13,129.8,166.2
5,1,4,16,13,18,8.3,25,87.9,146.6
6,4,1,12,9,13,16.2,30,119.6,170.4
5,3,2,8,8,12,10.5,24,70.9,96.0
6,1,1,14,6,8,8.3,33,41.6,53.9
6,4,6,16,14,18,19.0,11,225.4,180.0
7,1,2,8,11,16,9.9,23,92.7,115.4
4,1,5,17,7,11,9.4,12,52.5,78.5
8,5,4,11,2,3,19.7,31,32.1,53.9
7,4,5,10,10,12,19.7,32,169.2,180.0
9,3,6,12,4,6,13.6,13,45.3,68.9
7,3,3,14,1,6,12.9,10,5.9,14.4
3,4,5,15,9,13,19.5,32,148.1,180.0
3,5,5,9,6,7,19.3,18,95.1,112.8
8,2,3,14,12,16,14.5,26,149.0,180.0
5,1,2,8,7,10,10.5,23,63.2,82.5
4,5,3,14,8,12,20.5,26,134.4,176.4
8,4,4,15,10,15,17.9,10,154.7,180.0
6,1,5,9,10,14,9.6,19,78.3,100.0
2,3,3,16,6,8,13.9,32,75.8,89.2
4,2,6,8,9,10,16.3,25,124.4,155.7
4,3,6,13,14,19,11.7,34,136.0,166.7
6,4,5,8,9,12,18.9,28,141.2,174.8
6,1,4,10,12,13,9.1,33,93.6,143.4
1,4,1,13,7,8,16.4,34,96.4,118.5
8,1,4,10,11,13,9.4,12,87.7,137.6
6,5,0,15,8,10,19.6,21,138.2,178.1
3,2,0,12,5,7,13.1,12,53.4,76.5
9,5,0,9,11,16,21.3,24,199.0,180.0
2,5,5,11,11,15,19.4,26,186.0,180.0
8,4,6,16,9,10,18.3,27,141.0,180.0
10,2,2,11,1,5,13.3,16,6.5,15.6
3,1,6,17,1,5,8.7,28,8.9,3.4
5,1,2,17,3,5,11.6,16,26.0,37.4
6,3,2,15,14,18,12.4,14,152.2,180.0
10,1,6,12,8,9,11.8,17,77.8,117.8
6,4,5,17,6,7,20.0,30,110.9,136.3
4,5,4,8,1,4,19.5,25,21.0,24.8
3,5,2,14,7,12,19.2,25,111.8,145.1
4,5,1,10,10,14,21.4,28,182.2,180.0
1,2,6,17,6,11,17.0,34,88.9,120.7
4,1,6,15,8,13,10.5,24,73.9,93.4
1,4,0,10,7,12,19.2,16,115.5,170.7
1,2,4,8,2,7,16.1,14,31.2,44.9
10,3,0,12,0,1,11.4,32,0.0,0.0
6,4,6,9,1,5,18.3,20,14.5,24.5
5,4,6,11,14,17,19.3,19,229.0,180.0
4,4,2,8,13,18,18.8,34,209.8,180.0
3,5,4,16,12,15,18.1,30,185.6,180.0
1,4,3,13,1,2,17.3,32,15.6,17.5
6,1,1,15,3,4,8.6,18,24.3,26.7
2,4,2,11,5,7,16.9,10,65.8,103.3
8,5,6,16,3,8,21.6,29,56.1,74.0
10,4,2,9,8,10,16.1,10,110.5,141.5
5,3,1,16,3,6,10.9,17,32.7,39.7
7,3,6,12,5,9,11.2,12,43.2,67.8
10,5,1,13,5,7,20.5,11,91.7,103.7
2,1,3,10,9,10,10.1,13,77.8,106.2
8,1,2,11,10,15,8.9,28,76.9,107.0
2,2,5,13,9,12,13.7,20,109.5,127.5
4,5,2,14,0,1,18.9,14,1.7,0.0
1,4,0,8,7,11,18.0,33,108.4,141.5
5,5,4,14,11,16,19.1,19,179.2,180.0
9,2,4,8,2,6,16.8,33,27.1,35.8
1,5,0,12,14,18,19.9,32,236.2,180.0
9,5,6,13,12,17,18.2,17,183.9,180.0
8,2,4,9,5,10,15.9,22,67.5,95.1
6,1,1,17,2,6,9.3,14,8.8,23.3
7,4,4,16,14,17,18.6,21,222.8,180.0
3,2,4,17,10,15,14.1,22,119.6,180.0
1,3,0,13,1,2,12.3,31,9.4,15.6
5,1,6,14,14,16,11.1,17,132.6,162.2
2,3,3,17,4,7,13.7,24,42.3,57.6
5,1,4,15,13,18,9.0,22,105.7,136.5
8,4,5,17,0,5,17.3,10,0.0,0.0
9,4,4,8,8,11,17.9,31,121.0,160.0
2,5,3,15,10,12,21.7,15,181.6,180.0
3,3,0,11,6,10,13.6,20,69.5,109.7
3,1,3,17,2,3,8.4,22,18.4,27.0
1,4,0,15,3,8,16.5,30,45.3,56.4
8,2,1,13,12,14,15.0,29,155.4,180.0
6,4,0,16,5,6,16.4,10,71.5,103.6
8,2,1,11,2,5,14.4,20,23.4,40.8
9,1,1,9,11,16,8.6,20,76.0,104.8
5,4,0,9,6,10,18.5,17,94.0,123.4
3,4,5,12,12,15,19.8,31,201.2,180.0
5,1,2,17,5,10,12.0,12,54.1,72.2
5,4,0,16,8,10,17.5,28,119.9,172.3
5,2,4,10,11,12,15.4,21,148.8,180.0
3,4,5,15,14,15,19.4,15,234.8,180.0
10,3,5,11,4,9,10.5,32,34.2,53.3
4,5,4,13,3,6,20.8,17,47.5,77.5
9,2,2,17,2,6,14.6,14,29.0,33.6
10,3,5,13,9,11,10.8,19,86.9,105.3
9,1,1,10,0,5,9.6,31,0.0,2.1
2,2,2,12,2,4,13.3,25,27.1,27.4
8,5,6,10,2,3,20.8,21,36.5,52.2
8,5,4,8,6,10,19.0,26,97.4,126.1
7,1,2,14,6,8,9.2,15,52.0,59.6
8,1,0,11,12,17,8.5,18,90.6,135.9
3,2,2,14,14,18,16.5,19,197.8,180.0
6,4,1,10,11,14,18.0,29,169.5,180.0
1,1,0,12,0,5,10.3,23,1.8,4.1
7,4,3,12,2,4,18.3,23,29.9,40.7
1,3,4,9,12,16,11.6,26,118.6,159.6
9,5,4,17,7,12,18.8,34,109.0,150.4
1,4,2,9,8,12,19.0,25,128.1,166.2
1,5,5,11,6,10,18.5,13,93.3,134.9
7,4,0,11,6,10,16.4,11,81.8,126.5
2,3,3,11,11,13,12.8,25,120.5,164.4
5,1,0,13,14,19,8.8,10,104.2,143.6
8,3,4,9,10,11,11.2,12,96.9,131.9
8,1,0,13,7,8,9.9,32,54.0,72.7
3,1,3,14,5,7,9.8,20,41.3,51.9
7,5,5,17,10,12,20.8,25,177.5,180.0
3,3,2,10,2,6,12.5,27,20.3,27.2
6,4,1,15,14,19,18.6,24,220.6,180.0
6,3,0,9,0,5,12.9,18,0.0,11.3
3,5,1,15,6,9,19.2,21,98.8,122.1
7,1,4,12,0,3,9.3,27,1.9,2.0
3,5,2,9,0,1,19.8,14,1.5,2.5
8,2,6,14,8,11,14.2,33,99.9,117.7
10,2,2,9,12,15,16.9,17,173.4,180.0
4,4,0,13,9,10,19.3,12,148.7,180.0
1,5,5,17,6,7,18.7,11,95.6,118.8
4,4,2,10,12,15,16.0,34,165.5,180.0
7,4,0,16,10,15,16.2,28,132.7,180.0
4,2,0,10,12,15,14.0,17,139.9,180.0
6,4,1,10,3,7,16.5,11,46.7,59.2
9,2,2,12,5,9,15.1,28,56.9,96.3
1,1,0,14,0,4,11.4,10,0.0,4.8
5,5,1,15,6,8,20.9,31,110.3,130.7
7,4,3,14,11,15,16.9,22,157.4,180.0
1,2,6,16,14,19,14.6,32,172.5,180.0
4,3,1,12,5,7,12.0,29,51.5,64.0
6,4,1,17,3,5,19.2,26,48.0,66.4
2,1,0,10,6,10,11.4,12,58.0,94.4
10,1,4,13,2,5,11.6,18,17.7,27.7
5,3,4,12,0,1,12.0,14,3.3,0.0
10,2,5,11,3,6,15.8,15,44.5,59.3
1,4,4,9,2,5,16.4,13,27.6,38.4
6,2,1,14,0,2,15.3,26,0.0,7.7
6,1,5,12,1,3,9.0,30,6.1,16.8
4,2,0,11,10,12,14.7,30,124.6,180.0
8,1,2,15,4,9,10.5,30,37.3,49.7
4,2,6,16,14,19,14.0,25,163.9,180.0
8,3,6,16,7,8,10.2,25,58.4,85.3
8,5,1,10,0,2,18.0,31,1.5,2.5
5,3,1,10,3,7,10.1,20,28.5,40.7
4,3,5,12,13,15,10.0,11,109.0,159.5
2,5,0,12,3,8,18.4,26,43.0,75.8
3,5,3,17,4,6,19.0,24,74.3,97.2
3,4,1,9,6,11,16.9,27,88.5,106.5
4,4,3,8,12,14,19.9,19,202.7,180.0
4,3,3,15,11,15,11.2,15,107.6,129.1
10,3,4,10,7,8,10.5,30,62.2,100.2
5,1,0,8,14,18,10.2,25,123.8,169.6
4,1,6,8,5,10,11.4,14,49.1,63.6
10,4,6,9,0,3,18.7,21,0.3,8.2
8,4,3,13,6,10,17.2,15,87.3,104.6
6,1,6,13,2,4,10.2,23,13.1,20.5
6,1,0,10,14,15,10.9,32,135.0,180.0
8,2,4,11,12,14,15.9,25,159.5,180.0
7,2,0,9,12,14,15.7,34,155.7,180.0
10,1,1,9,12,16,11.5,16,116.5,150.9
10,2,3,14,5,6,16.5,11,67.2,82.8
8,5,0,8,14,17,20.3,15,241.6,180.0
2,4,6,14,7,9,17.7,18,107.5,129.8
9,4,2,8,6,7,18.6,16,97.7,114.6
1,1,0,13,9,12,11.3,11,88.7,119.8
8,3,3,10,5,7,10.0,28,41.7,61.0
4,1,4,15,8,9,12.0,17,81.5,108.5
4,2,6,13,8,12,13.7,20,94.6,115.6
5,3,4,9,0,2,11.9,34,0.0,1.1
8,2,3,15,0,2,16.5,13,1.7,0.0
5,5,6,12,0,1,18.9,25,0.0,0.0
8,2,1,15,7,9,14.9,34,94.8,107.2
10,5,6,15,11,14,18.5,27,172.0,180.0
1,5,1,13,12,14,19.6,22,199.2,180.0
10,2,4,9,13,18,13.7,14,149.2,180.0
9,2,4,15,11,14,14.5,11,133.3,180.0
6,5,3,13,13,14,19.5,20,222.2,180.0
3,3,1,13,9,12,14.0,10,109.7,142.4
8,5,4,15,6,11,22.0,22,107.4,152.2
9,4,1,8,2,7,16.5,14,32.5,40.4
6,5,4,9,12,14,20.9,27,216.8,180.0
7,3,6,16,1,3,10.2,23,7.8,15.2
1,4,0,15,3,7,16.1,22,42.0,58.8
5,1,2,14,2,5,8.4,16,14.3,14.9
5,1,6,14,6,10,11.9,17,66.4,77.6
10,3,5,12,9,14,13.8,27,102.9,144.2
4,5,0,9,14,16,18.8,16,223.9,180.0
6,2,5,13,14,16,13.6,29,161.1,180.0
7,3,4,17,7,9,11.0,26,60.9,98.8
9,4,2,10,5,6,18.1,25,83.3,108.2
1,4,2,11,2,7,18.3,20,27.5,47.5
6,1,4,17,5,7,8.9,28,38.4,58.4
7,4,4,9,14,19,19.0,10,221.2,180.0
3,3,1,9,1,3,11.2,30,8.4,11.7
8,4,4,15,14,17,19.7,17,235.6,180.0
5,3,3,15,11,16,12.6,10,115.6,151.2
9,2,4,17,6,10,14.7,18,77.0,107.5
5,1,3,13,13,14,11.2,28,122.5,146.0
9,4,4,12,10,14,19.3,30,167.3,180.0
10,3,1,15,9,14,11.2,18,89.5,111.6
4,5,3,11,13,15,19.4,30,212.2,180.0
9,1,0,11,6,11,11.7,34,60.1,90.9
5,2,3,12,3,4,13.7,19,35.4,50.4
10,3,6,8,12,17,10.2,33,105.6,137.9
9,2,1,8,7,9,14.8,32,88.2,109.9
3,2,5,9,3,7,16.2,20,41.9,57.8
4,4,3,15,6,9,19.1,10,96.6,123.0
9,4,6,14,3,7,19.7,29,50.5,58.9
10,3,6,17,12,14,12.1,34,127.6,166.4
6,5,6,16,11,13,18.4,17,174.0,180.0
2,3,4,12,4,5,12.4,29,44.1,65.4
7,5,6,9,6,11,21.1,21,109.8,135.8
2,2,4,14,12,17,13.4,10,135.9,180.0
2,1,5,15,13,17,8.7,19,97.0,109.7
1,3,1,14,13,16,10.0,13,107.8,133.4
3,3,2,14,12,15,12.4,24,130.0,147.2
6,5,4,12,9,10,21.5,28,156.5,180.0
8,2,6,9,2,4,15.7,15,26.4,34.3
9,2,6,13,9,10,16.9,14,132.9,158.5
7,5,0,11,4,9,18.3,14,58.0,93.0
4,2,6,17,10,12,16.6,27,142.4,180.0
6,4,1,9,13,14,19.3,12,210.7,180.0
5,1,3,16,2,6,9.3,31,14.6,18.3
8,3,3,14,4,9,13.9,11,50.1,54.2
1,1,6,13,13,16,9.2,13,101.7,127.0
1,3,0,12,2,3,13.6,27,16.9,43.0
6,4,4,10,10,15,19.5,18,163.0,180.0
10,2,1,17,9,14,16.0,28,125.6,168.0
2,5,0,17,10,13,20.3,19,173.5,180.0
5,4,4,11,6,9,16.5,31,89.3,133.1
1,1,1,10,12,15,10.1,24,108.4,145.5
7,5,6,15,0,1,19.4,10,0.0,0.0
1,2,3,10,8,11,16.2,20,117.5,145.7
4,4,1,14,8,12,19.0,23,129.5,158.7
9,5,6,14,4,9,21.6,19,70.7,88.6
1,4,5,14,8,11,16.1,28,107.3,134.4
4,4,2,14,9,14,19.2,33,140.4,170.9
6,2,1,9,12,14,16.8,30,175.7,180.0
6,3,2,17,14,16,13.2,25,161.4,180.0
8,5,1,10,5,8,18.5,17,75.7,114.8
1,2,2,17,14,19,13.3,11,157.9,180.0
7,4,5,16,4,6,16.1,32,55.0,72.7
1,2,3,10,12,15,15.5,34,155.4,180.0
7,3,4,9,2,7,12.5,16,16.0,27.1
3,5,2,16,10,13,21.9,28,185.9,180.0
8,3,5,17,10,15,11.6,16,97.6,138.2
3,1,2,16,7,9,9.3,24,54.3,63.9
1,5,3,11,3,6,20.5,17,52.9,71.9
8,3,2,16,9,11,13.3,23,106.1,137.1
3,4,5,10,12,15,19.7,10,200.5,180.0
2,5,6,14,14,15,21.2,22,252.9,180.0
1,5,5,14,12,14,19.7,12,203.2,180.0
3,2,0,15,2,4,15.5,30,28.1,33.7
2,4,3,17,12,16,19.4,15,196.3,180.0
2,1,6,11,5,7,10.0,28,42.6,66.8
6,3,0,10,7,12,10.9,24,66.3,101.2
1,2,3,10,12,15,13.7,13,136.1,180.0
2,3,6,12,14,15,10.0,30,122.8,168.3
6,1,2,8,8,13,10.9,12,78.2,96.0
3,1,6,17,13,18,8.4,13,91.1,131.1
4,5,5,10,5,10,19.0,14,81.2,124.7
1,1,0,13,4,9,9.2,27,33.2,46.8
8,3,2,10,11,12,12.2,34,112.8,159.0
7,4,5,12,10,14,17.6,19,151.0,180.0
7,4,3,16,1,3,18.7,17,16.4,20.5
3,5,6,9,1,6,18.2,21,11.1,15.2
10,3,5,9,8,10,10.5,31,72.7,89.1
10,3,2,13,1,3,12.0,12,6.9,16.6
3,1,0,13,1,6,9.3,27,10.8,10.8
2,3,0,15,2,6,11.2,32,17.0,24.4
1,2,6,9,2,4,13.3,17,22.1,34.6
7,1,5,16,3,6,11.6,10,33.7,35.5
7,2,2,9,6,8,15.8,23,81.9,90.3
2,5,1,8,8,13,18.5,31,122.5,149.8
7,4,3,17,1,2,16.3,32,10.8,12.7
8,5,3,9,3,5,21.9,22,54.0,69.7
1,4,2,14,8,12,18.7,34,128.5,154.4
9,5,1,15,13,16,19.7,21,218.4,180.0
7,3,0,12,1,4,12.8,12,8.4,22.8
3,2,6,13,9,10,16.0,27,119.1,146.5
8,4,4,8,10,11,19.1,30,163.4,180.0
7,1,4,13,12,14,9.9,22,100.6,143.9
8,2,6,15,0,5,14.7,24,6.5,0.7
6,1,2,10,9,13,8.0,19,61.6,92.7
9,2,1,8,7,10,16.7,10,104.8,121.0
5,2,1,11,8,9,15.4,15,101.3,150.0
3,5,3,8,6,10,18.8,18,91.2,111.6
3,4,0,15,7,12,19.7,19,113.7,150.9
1,4,5,12,3,6,19.7,24,53.7,69.3
8,2,1,8,3,6,17.0,18,48.5,50.3
2,3,6,15,12,17,13.5,32,135.3,168.4
3,3,5,16,1,4,14.0,23,10.5,16.5
8,1,4,17,7,12,9.0,20,49.9,84.9
8,1,5,9,14,17,11.4,16,129.9,166.0
4,5,0,16,10,12,21.3,33,183.1,180.0
4,2,6,15,1,6,13.9,11,12.5,15.5
5,1,0,14,8,12,8.4,23,57.1,76.8
6,1,5,10,13,15,11.9,15,127.5,180.0
5,2,2,9,3,7,14.2,14,41.1,39.6
7,5,1,14,0,3,21.5,14,0.0,1.8
2,1,6,12,12,16,8.0,28,83.4,116.4
7,5,2,13,3,5,18.1,28,41.8,60.6
10,4,5,11,2,7,17.9,15,29.8,38.8
7,5,1,9,11,12,19.0,19,178.1,180.0
1,3,3,16,5,9,12.8,32,55.2,81.9
7,3,2,10,6,7,12.3,23,63.0,84.4
5,5,2,14,7,11,18.3,26,110.4,132.7
3,3,5,15,1,5,10.7,12,5.7,8.3
3,4,4,9,5,10,17.6,10,75.2,96.1
4,2,5,13,14,17,13.7,19,163.9,180.0
2,3,2,15,5,7,13.2,12,56.7,70.0
2,3,1,14,9,11,11.7,14,89.4,111.0
1,5,4,10,11,13,18.4,34,168.0,180.0
5,4,5,8,4,7,17.9,28,57.0,76.7
4,2,6,13,9,10,13.4,19,95.6,129.9
10,5,5,15,9,11,18.5,34,144.1,176.7
2,5,2,13,6,7,19.0,25,99.2,119.9
3,4,2,12,2,5,19.4,10,35.6,42.7
7,2,3,15,3,6,16.7,15,43.5,54.3
7,4,5,9,9,14,19.3,18,141.3,180.0
4,2,2,8,12,14,14.3,14,143.2,171.9
5,4,6,8,8,13,17.1,23,116.7,138.7
5,5,0,11,3,5,20.2,19,51.9,82.7
6,5,4,13,2,5,20.9,11,34.8,52.0
9,1,0,16,13,16,12.0,14,133.4,180.0
2,3,4,8,1,5,10.5,10,9.0,17.3
5,4,6,8,4,8,16.2,34,55.4,69.2
3,1,5,12,3,6,10.8,19,25.6,43.3
4,3,3,17,12,15,13.3,34,138.9,180.0
10,4,2,12,12,13,19.4,31,196.4,180.0
6,2,2,12,7,8,15.7,18,89.5,133.9
8,3,2,17,6,11,13.8,12,68.1,95.3
1,5,5,13,5,9,20.0,24,84.1,104.8
10,1,4,15,10,14,11.7,13,102.1,132.6
8,3,6,10,11,14,13.9,22,129.6,180.0
7,3,2,16,1,4,13.4,15,10.8,16.2
1,5,0,8,2,7,19.2,29,29.0,42.1
2,4,2,11,9,13,16.8,26,130.8,177.4
3,2,5,16,8,9,15.2,32,101.4,138.7
1,5,6,15,12,14,19.8,14,201.8,180.0
9,2,3,17,8,13,16.5,24,116.7,146.5
8,4,6,16,14,16,16.4,17,196.7,180.0
2,3,0,8,4,5,11.0,34,32.6,52.3
9,2,2,16,13,14,16.0,14,171.6,180.0
7,1,2,10,2,4,8.4,33,14.1,20.9
9,1,1,17,1,6,9.3,22,4.3,13.3
6,5,4,16,7,9,19.5,10,118.3,169.5
6,4,0,8,14,19,18.5,10,220.2,180.0
4,5,1,8,5,10,18.6,16,79.7,98.1
10,5,6,16,9,12,21.4,31,161.9,180.0
10,5,3,13,10,14,19.8,14,173.4,180.0
2,1,4,11,11,15,11.7,23,117.6,170.6
7,1,0,14,6,7,9.9,24,49.5,65.4
5,5,2,12,0,3,19.1,30,1.1,6.4
6,1,6,17,0,4,8.6,34,0.3,0.0
2,4,0,14,9,14,16.0,26,121.7,164.2
5,5,2,15,1,6,20.1,33,14.6,21.9
10,1,4,15,9,11,8.4,27,61.2,87.5
4,2,2,8,14,16,14.6,16,169.9,180.0
9,5,3,15,2,7,20.4,31,35.8,42.9
6,5,6,13,11,16,19.1,27,177.1,180.0
2,4,5,11,0,2,16.7,28,0.0,0.0
1,3,2,15,13,17,13.1,29,146.1,179.5
5,3,3,10,4,5,13.8,16,46.8,62.8
9,4,5,11,14,16,16.4,17,199.2,180.0
6,4,6,13,14,18,16.6,22,198.9,180.0
10,4,4,14,2,6,19.8,27,29.3,46.0
7,3,4,11,0,4,10.2,33,0.0,6.8
5,4,6,11,7,10,19.9,20,116.3,162.7
10,1,6,14,11,14,8.0,18,73.1,97.6
6,5,0,13,10,14,21.5,32,185.5,180.0
5,5,3,15,5,10,19.2,10,81.7,101.6
9,2,3,8,8,11,16.8,31,117.3,134.8
6,2,6,17,2,4,14.3,17,20.3,30.7
8,5,1,14,8,11,20.6,30,143.1,170.1
2,1,1,14,8,13,8.3,21,58.7,80.3
9,3,5,14,14,15,11.0,11,124.5,161.5
5,3,5,14,11,14,13.1,24,126.4,157.7
7,1,1,17,14,18,10.1,30,120.6,165.6
10,3,6,17,12,16,13.7,33,141.0,180.0
1,4,6,15,11,15,17.7,27,163.0,180.0
10,5,5,16,0,1,21.5,26,3.8,2.2
5,5,2,16,2,7,19.8,24,30.1,44.5
10,1,6,9,5,7,11.9,29,53.1,65.0
2,3,1,14,7,12,13.8,29,84.8,101.7
6,2,3,14,3,4,14.3,18,33.6,37.0
1,2,6,11,4,8,16.5,12,62.2,83.8
3,3,6,16,8,13,13.4,29,91.7,128.7
5,2,2,15,5,7,13.8,28,60.8,80.1
4,1,5,8,11,15,10.5,27,93.6,124.7
3,1,6,9,6,8,8.3,29,48.6,52.7
10,3,4,9,6,9,13.3,17,64.4,95.9
5,2,0,15,3,5,13.7,10,38.0,51.1
8,1,1,8,3,7,8.3,33,18.1,34.9
4,1,4,11,3,6,9.6,33,22.6,39.3
1,4,5,17,13,17,18.3,24,204.7,180.0
7,4,3,12,14,18,19.4,28,234.2,180.0
8,1,0,16,10,13,11.9,19,97.3,152.6
3,3,4,14,4,6,11.8,21,43.2,48.5
6,5,0,15,4,5,18.2,15,65.2,85.9
2,5,1,16,7,8,21.0,22,122.1,168.0
7,1,5,14,8,9,10.3,13,74.6,88.9
8,1,6,12,1,2,9.8,22,4.0,12.8
6,1,3,12,10,15,9.2,26,76.6,119.9
6,3,5,17,6,7,12.0,10,62.7,86.3
5,4,0,13,0,3,17.4,14,0.0,0.0
8,1,4,12,0,1,11.0,33,0.8,0.0
1,1,1,16,3,7,10.2,26,26.7,33.6
10,2,1,10,9,10,16.5,27,125.7,178.1
4,3,5,10,6,8,12.2,16,64.6,84.0
4,1,6,14,1,4,9.0,25,6.9,15.3
3,2,4,14,10,13,16.4,17,140.1,180.0
3,5,6,13,1,6,20.2,21,20.6,19.7
4,1,6,10,0,4,8.8,23,2.4,1.3
1,1,4,14,9,12,10.5,28,82.6,110.0
2,2,0,12,1,3,14.4,20,8.8,23.3
9,3,5,14,12,13,13.4,21,138.0,173.5
10,1,5,9,14,17,9.8,22,114.1,139.1
2,5,2,13,6,8,20.9,17,102.8,128.2
5,1,5,15,8,9,8.4,10,56.8,70.5
9,5,1,8,5,10,19.6,18,80.5,97.3
9,4,0,11,9,12,19.9,11,154.9,180.0
8,4,4,8,1,4,19.2,23,18.8,24.9
1,5,5,8,11,13,18.6,22,168.6,180.0
1,3,0,17,14,18,11.1,25,129.7,180.0
9,1,5,15,9,14,9.3,11,66.9,102.4
8,1,4,14,14,18,10.6,13,124.8,173.3
10,4,3,17,9,12,19.0,21,146.9,180.0
9,5,4,8,12,16,21.0,25,213.5,180.0
7,1,4,9,8,9,10.0,19,66.5,93.9
3,1,4,11,6,11,11.2,12,61.2,90.2
3,3,5,8,10,14,11.7,13,92.9,116.9
2,2,2,10,0,1,13.5,15,3.7,0.0
5,4,4,15,11,13,18.3,32,169.1,180.0
3,4,1,15,8,12,19.8,14,134.5,172.2
6,2,1,15,1,6,16.2,27,12.2,20.6
2,1,0,13,3,4,10.3,12,30.9,40.5
3,3,2,13,8,12,12.6,19,81.9,106.1
5,3,0,12,3,5,13.7,20,35.0,54.2
1,4,1,16,2,6,17.7,28,31.7,46.3
1,3,6,11,0,1,11.3,23,0.0,7.2
10,2,1,17,6,10,16.9,30,83.5,121.8
9,1,3,14,14,19,11.5,20,135.9,165.6
7,2,4,8,5,8,14.3,30,58.1,82.3
1,5,6,16,9,10,19.9,13,149.4,180.0
8,4,1,14,3,4,17.7,33,44.0,53.9
3,3,5,17,5,6,10.6,31,47.0,62.8
8,5,5,16,5,6,21.8,15,91.8,126.4
5,3,0,14,12,16,11.6,26,121.7,165.4
1,1,6,9,3,8,11.5,31,26.3,45.2
7,1,0,13,13,15,8.8,28,93.0,131.4
5,1,4,17,12,17,10.2,22,109.7,151.0
6,3,4,11,5,6,10.1,31,40.9,68.3
6,5,3,10,9,13,21.1,19,157.2,180.0
8,1,2,9,10,14,10.3,20,82.5,108.3
9,5,0,13,7,8,20.5,15,125.2,164.6
2,3,4,15,12,16,10.2,11,103.1,145.5
9,5,0,13,2,3,18.8,10,31.3,43.7
10,3,4,16,3,8,10.3,20,25.8,41.4
9,3,1,12,9,12,11.2,25,88.4,117.8
10,4,0,9,12,16,18.5,12,188.3,180.0
10,3,1,15,11,12,12.3,14,121.7,136.5
7,3,0,16,13,14,12.4,24,138.0,180.0
1,2,2,17,14,18,15.2,24,184.0,180.0
7,1,3,11,0,2,9.1,13,2.4,0.6
10,4,5,13,3,4,17.0,32,43.2,50.9
5,4,5,17,10,14,16.5,13,138.9,180.0
6,4,5,15,9,10,19.4,17,149.4,180.0
10,2,1,16,9,11,15.5,16,119.8,164.0
7,3,6,12,11,14,10.7,34,98.8,147.2
5,1,4,13,13,15,8.7,26,96.7,134.5
7,5,5,11,8,13,21.5,24,149.9,180.0
9,3,2,12,7,11,13.0,14,83.4,108.5
3,2,5,14,10,12,15.6,22,135.5,170.2
8,3,0,16,3,6,11.6,13,35.2,49.7
2,3,1,17,11,12,11.0,31,101.4,133.5
7,2,6,13,6,10,16.9,26,88.4,106.3
2,4,0,13,9,11,19.2,31,150.8,180.0
4,4,6,15,2,5,17.2,26,26.6,33.9
7,1,0,11,8,10,11.4,23,76.0,111.0
3,1,0,10,9,14,11.0,23,89.6,133.0
2,4,3,14,3,7,17.2,26,40.9,51.9
10,5,3,12,1,2,19.7,17,12.7,20.5
7,3,4,9,9,12,10.7,11,86.8,110.9
1,5,1,9,4,6,18.4,22,66.3,76.2
8,3,2,13,1,5,12.9,31,12.3,15.4
3,4,2,15,13,15,17.1,25,188.5,180.0
2,1,2,8,9,13,11.3,25,85.0,107.1
3,1,0,13,5,10,12.0,15,51.8,63.9
5,5,3,9,10,12,18.3,31,160.3,180.0
8,1,1,9,9,14,9.9,33,76.4,84.6
10,4,0,14,0,3,19.2,13,6.5,0.3
7,5,6,17,13,18,21.2,12,231.1,180.0
7,3,3,8,5,9,13.0,15,55.4,65.5
7,1,3,13,3,6,9.4,13,22.8,34.1
8,2,5,14,2,4,14.8,27,21.9,36.3
1,1,5,15,1,3,10.4,15,8.4,0.0
4,3,1,14,6,10,13.9,14,72.1,87.8
6,5,6,13,8,9,19.3,18,132.9,147.5
9,3,1,16,11,12,13.7,20,134.5,171.2
2,2,1,10,2,4,14.1,15,25.3,34.3
1,4,0,13,5,9,20.0,25,88.3,104.3
10,1,4,11,8,9,10.7,28,72.8,120.3
2,5,1,9,1,6,19.9,20,21.9,24.0
7,4,5,8,6,8,18.5,30,101.3,111.3
3,3,4,8,4,9,11.1,24,39.3,59.2
10,5,0,17,4,8,19.1,33,62.0,89.2
2,4,4,10,10,15,16.5,18,138.2,180.0
7,5,2,11,6,7,18.5,33,95.0,121.6
2,2,6,9,8,9,14.4,28,99.2,126.8
3,2,4,8,3,6,16.1,34,43.0,57.3
7,1,1,11,8,10,10.4,28,72.3,103.6
4,1,0,14,14,18,8.4,33,100.1,139.7
1,2,6,17,13,15,16.4,18,179.4,180.0
5,5,1,13,12,17,20.4,32,209.3,180.0
9,2,6,13,10,14,16.8,13,148.7,176.5
8,1,5,16,9,13,10.7,19,84.8,112.7
9,2,2,9,8,9,13.7,18,94.8,111.7
10,2,5,11,12,17,14.9,28,155.0,180.0
9,5,1,12,3,4,20.6,24,51.4,74.1
7,4,1,8,2,3,16.1,28,25.9,34.2
4,1,1,15,1,4,8.1,11,4.6,4.1
5,5,3,15,8,9,18.5,19,125.5,147.3
1,2,2,13,11,13,14.0,28,129.7,164.9
1,2,6,12,1,5,14.7,26,16.1,18.2
3,4,1,15,5,6,17.9,29,74.9,95.1
8,1,1,10,4,6,8.6,33,26.7,38.0
2,1,6,10,13,18,10.7,30,124.0,163.0
4,3,5,9,4,8,12.4,11,40.8,50.2
2,1,5,12,3,8,9.2,28,23.9,34.8
5,4,1,10,5,7,16.1,26,69.6,93.2
9,3,0,10,4,9,10.3,27,31.6,61.8
1,3,3,13,10,15,11.6,26,102.0,123.9
5,2,5,15,3,8,13.6,11,36.6,52.2
9,2,0,9,12,13,14.5,28,152.6,180.0
1,1,3,11,8,9,10.5,10,69.4,91.6
9,3,1,14,12,13,12.2,20,124.6,157.0
8,2,2,8,5,9,13.9,34,59.3,68.1
4,4,4,8,10,12,17.4,19,148.5,180.0
10,2,4,17,9,10,15.5,14,113.9,170.2
5,2,1,14,9,14,16.4,25,126.1,163.6
5,3,5,14,12,17,13.0,33,128.5,170.4
6,3,0,8,9,14,12.2,14,94.5,124.9
7,5,2,8,12,17,19.4,33,192.0,180.0
8,4,6,11,2,5,17.5,32,24.1,43.6
8,3,3,12,9,13,13.5,21,105.9,149.9
2,1,1,12,5,7,8.2,13,33.0,50.5
9,4,2,11,13,15,20.0,32,217.5,180.0
7,4,2,15,0,1,18.7,15,3.8,0.0
4,3,5,14,4,7,12.7,28,44.2,54.4
4,4,3,16,9,11,16.2,18,126.2,170.3
8,3,2,14,5,9,12.4,21,52.3,68.3
4,2,5,17,14,19,14.9,24,185.8,180.0
6,5,0,8,10,11,18.4,25,154.8,180.0
5,2,5,14,7,11,14.1,22,89.2,102.7
3,3,0,8,10,12,13.6,34,115.1,158.7
10,3,0,14,14,17,12.2,30,140.2,180.0
2,2,6,17,14,15,14.7,33,175.8,180.0
9,1,6,15,8,10,8.3,16,57.3,74.5
10,1,2,16,10,11,10.9,34,89.1,121.9
9,1,5,10,2,4,10.8,32,15.6,26.4
1,3,6,11,1,6,12.5,29,10.5,17.4
10,4,0,11,12,15,18.0,13,185.1,180.0
3,3,6,16,3,8,11.7,20,22.5,52.6
8,4,3,14,7,9,18.4,17,112.5,131.9
6,2,2,10,10,14,13.9,15,117.0,169.6
5,5,5,17,7,12,21.8,34,125.5,165.9
5,4,5,12,2,6,18.4,19,34.0,46.9
6,1,4,14,3,5,9.2,16,23.5,37.6
7,3,5,15,2,5,11.8,16,23.7,24.0
1,2,2,8,9,13,16.2,13,125.4,142.5
9,1,3,9,1,3,8.6,12,7.3,10.0
3,2,5,14,3,7,14.2,33,35.7,46.1
4,5,4,9,5,10,20.7,16,89.5,121.8
10,3,2,14,10,12,11.3,13,94.5,126.7
1,3,0,16,13,18,13.2,22,143.0,180.0
10,5,1,9,10,11,18.5,29,159.3,180.0
3,3,1,14,4,6,13.1,26,43.9,50.5
2,4,0,11,2,6,16.3,16,27.8,45.0
2,2,6,9,1,2,13.1,26,14.4,16.0
1,1,5,14,8,13,11.6,13,78.5,97.1
8,5,1,12,14,19,20.3,20,241.9,180.0
3,4,6,8,0,4,17.4,12,0.0,3.9
3,1,1,12,8,9,8.9,20,62.0,86.8
6,1,0,10,0,3,10.5,12,1.0,0.0
8,5,5,14,14,18,20.0,21,241.1,180.0
9,4,5,13,13,18,20.0,10,218.9,180.0
9,1,6,15,6,8,11.9,13,59.5,76.5
4,1,0,12,5,6,10.5,23,47.2,69.8
5,4,6,9,6,9,17.8,10,91.4,111.9
2,3,5,16,14,16,12.0,23,139.7,180.0
9,1,5,15,2,3,10.7,22,22.2,24.5
8,2,2,13,13,17,13.4,22,143.0,180.0
3,4,6,17,2,6,17.3,33,31.8,41.3
9,1,2,14,12,13,8.3,24,80.9,100.5
3,5,0,16,10,13,18.3,26,161.2,180.0
9,2,3,14,0,1,13.8,21,0.0,0.7
2,1,1,10,3,5,9.9,31,28.8,33.9
10,2,2,13,11,13,16.1,32,150.7,180.0
9,2,1,14,1,5,14.9,23,11.6,14.8
8,3,4,9,9,10,11.3,21,87.3,118.2
9,2,0,10,7,11,13.3,27,81.2,124.0
5,3,3,11,2,5,12.2,13,18.0,33.5
2,4,4,17,6,8,17.1,23,84.7,131.6
8,3,4,13,6,11,12.5,28,65.5,90.5
6,5,5,8,11,16,21.9,22,199.7,180.0
8,1,4,16,8,9,8.4,34,55.7,91.0
5,4,0,12,5,6,16.8,32,80.7,115.7
10,4,2,14,0,5,17.9,27,0.0,0.6
2,5,0,16,7,8,21.9,20,133.6,180.0
6,3,2,16,0,2,13.1,15,0.0,0.0
5,1,4,8,2,5,11.6,18,21.2,20.2
5,3,4,8,10,13,11.3,21,98.3,128.2
1,2,3,10,4,8,17.0,28,61.1,79.9
2,3,2,13,7,9,10.4,23,61.3,76.0
8,4,4,9,8,9,16.2,24,116.2,143.3
3,1,5,17,14,15,11.4,20,134.2,180.0
10,3,1,8,6,10,13.7,15,70.6,87.2
3,1,3,8,8,12,8.4,23,57.6,69.8
8,1,0,12,10,11,8.5,12,68.5,114.6
8,2,3,11,2,3,13.1,28,21.5,34.4
2,2,1,8,12,14,13.4,29,137.3,177.5
8,4,2,11,4,8,16.8,34,56.0,86.0
1,5,0,10,9,11,21.9,20,174.7,180.0
6,1,0,9,7,8,10.7,33,61.0,83.7
8,5,2,16,11,16,21.1,26,201.0,180.0
3,4,6,8,0,5,19.1,26,2.6,3.8
8,1,6,14,7,8,10.1,32,60.3,72.9
1,1,3,11,6,10,11.2,12,54.5,85.3
9,5,4,12,0,5,20.4,23,0.0,0.0
9,3,6,17,12,16,11.3,16,113.3,155.6
5,2,3,12,12,17,15.2,34,150.1,180.0
10,3,6,8,9,13,12.1,28,89.8,114.6
4,5,1,13,11,16,21.3,12,194.6,180.0
6,2,5,16,9,13,16.9,11,133.5,173.5
7,3,4,9,14,16,11.6,26,140.4,180.0
5,2,3,14,11,15,16.1,18,152.5,180.0
10,1,5,13,5,7,8.4,31,37.5,41.4
9,3,5,12,0,2,13.1,15,0.5,2.3
3,2,6,11,1,2,14.5,33,16.7,19.3
7,2,2,11,4,6,13.2,30,42.9,59.7
10,2,1,13,1,4,14.5,18,12.6,16.7
10,3,1,11,13,15,12.4,14,139.7,180.0
5,4,1,12,9,13,16.5,11,122.1,180.0
7,3,4,13,0,2,13.7,31,9.3,0.0
2,5,0,12,5,9,18.3,24,77.9,117.7
4,3,4,14,7,11,13.7,18,82.1,106.2
2,2,3,16,7,10,15.8,28,98.0,121.4
7,1,5,17,12,14,9.3,19,97.8,136.4
2,3,5,14,12,14,11.6,13,118.1,147.9
1,3,0,14,7,12,13.0,19,77.5,106.4
9,2,3,11,10,15,15.4,17,126.4,180.0
1,1,0,8,5,6,10.7,31,43.7,65.4
8,1,5,15,10,14,9.6,22,82.8,99.3
2,5,6,11,2,5,20.0,16,35.2,51.6
8,3,4,8,0,5,14.0,16,3.7,0.0
3,1,1,12,1,3,8.9,13,7.2,9.1
6,1,5,15,4,5,9.7,24,28.7,44.2
3,4,2,11,12,15,17.2,21,178.3,180.0
7,4,1,15,9,11,19.1,25,150.1,179.4
10,1,5,15,4,6,11.1,15,40.3,43.0
9,5,4,10,9,13,19.2,18,146.2,180.0
2,1,0,16,13,17,8.3,12,95.1,140.1
5,2,6,10,0,5,13.0,17,10.3,0.0
6,3,6,8,0,5,11.7,16,0.3,8.0
4,5,1,9,14,16,19.6,13,229.8,180.0
4,2,4,13,8,10,17.0,22,113.5,151.1
4,5,6,17,1,6,19.9,28,18.8,22.8
2,2,6,9,6,11,14.0,16,66.7,78.3
4,3,3,13,9,11,13.6,19,104.3,122.0
1,3,2,8,3,6,12.0,34,31.6,41.4
6,4,1,8,6,8,18.4,21,98.4,114.5
1,2,0,12,7,10,13.4,12,83.6,129.8
10,4,6,17,4,7,17.5,34,62.2,86.8
6,2,3,16,12,14,16.8,33,164.6,180.0
1,4,4,15,11,12,18.4,21,174.4,180.0
6,3,6,10,11,16,11.4,28,108.5,152.2
10,5,2,10,0,4,20.5,24,0.8,0.0
8,4,0,8,3,5,19.6,17,44.9,61.7
2,2,4,10,9,12,14.1,21,105.5,166.9
2,2,4,8,2,4,15.0,29,22.0,37.5
4,3,1,15,9,14,13.8,15,99.8,132.7
3,2,6,8,14,17,13.7,19,162.9,180.0
4,1,1,12,11,15,10.9,11,99.3,148.9
7,5,0,16,4,8,20.5,33,77.4,108.9
1,4,6,14,9,13,18.7,22,142.7,178.7
6,5,5,11,12,13,19.4,34,201.8,180.0
3,3,6,16,9,12,11.3,16,81.4,115.2
10,4,5,16,12,15,18.7,17,189.5,180.0
7,4,4,9,5,6,16.9,32,72.0,96.3
10,1,1,17,1,4,9.7,25,5.5,14.7
2,3,2,17,6,7,10.8,20,53.6,75.9
2,2,6,13,12,14,13.0,13,132.3,162.9
4,1,2,11,2,7,11.9,26,19.5,27.4
1,1,6,15,14,18,9.7,25,121.3,144.8
3,5,4,14,0,1,21.9,28,1.1,4.4
9,5,1,14,9,10,18.6,32,143.4,170.3
7,5,0,17,2,3,20.3,20,36.2,54.3
7,1,0,16,8,10,8.8,16,61.7,93.2
4,2,0,12,9,10,16.2,22,123.4,180.0
2,4,6,13,10,15,19.1,28,161.7,180.0
4,5,6,8,10,15,18.5,26,157.3,180.0
6,2,2,13,14,18,16.6,34,201.6,180.0
3,3,1,9,5,7,10.8,31,49.2,59.1
1,5,6,13,10,15,20.5,22,173.1,180.0
8,4,1,16,5,8,19.9,21,87.1,110.1
5,3,2,15,3,6,13.5,16,33.9,43.2
5,3,6,16,14,17,13.8,10,164.6,180.0
4,4,0,17,7,8,17.4,10,101.9,146.1
6,5,0,15,4,5,18.4,29,62.1,82.7
3,1,4,10,6,9,8.8,32,48.7,67.7
9,4,5,15,8,12,18.0,23,122.7,152.4
5,4,3,13,12,16,19.2,24,196.0,180.0
3,4,5,13,12,13,16.6,20,165.0,180.0
1,3,6,13,13,16,12.6,33,138.7,179.2
10,2,1,10,4,8,14.3,18,47.9,69.2
6,1,6,17,10,11,9.4,26,77.1,104.6
2,5,1,8,13,16,20.6,13,228.2,180.0
3,5,1,11,4,6,19.9,29,66.3,92.6
1,2,5,17,13,16,16.2,28,179.8,180.0
9,4,3,13,3,6,16.6,16,42.8,51.3
8,1,4,17,5,10,11.2,10,44.6,69.2
2,5,5,9,1,6,18.3,18,14.3,24.2
8,5,3,14,2,4,18.8,22,32.2,38.4
9,4,0,14,0,2,18.6,33,3.6,0.0
1,2,0,11,1,4,16.4,11,14.7,25.0
5,1,1,11,1,5,9.0,11,5.7,8.0
8,2,2,8,7,9,14.3,33,86.3,100.0
2,2,6,9,7,10,15.1,24,95.3,115.8
4,1,6,16,1,2,8.8,26,10.3,5.9
7,1,1,17,12,17,11.2,22,116.3,147.7
3,5,2,15,13,17,21.1,16,235.3,180.0
5,5,3,15,5,8,18.6,18,83.3,95.7
8,1,0,16,14,15,9.9,21,120.5,173.6
10,3,6,14,4,9,13.1,12,46.2,55.6
3,5,5,16,2,3,19.3,32,36.1,45.0
4,3,2,17,4,7,12.5,31,39.4,55.6
9,1,3,9,4,6,8.2,24,23.4,41.7
7,5,0,13,4,9,20.4,16,69.9,88.5
1,2,5,10,2,3,13.6,32,23.3,34.6
4,1,2,13,14,16,11.3,10,133.1,169.1
4,4,1,10,2,6,17.4,23,32.1,40.0
9,3,1,15,3,6,11.1,28,22.8,32.3
6,1,1,11,6,9,11.4,25,56.3,87.0
9,1,6,17,11,16,8.2,19,75.2,103.3
6,5,3,13,11,12,19.6,10,178.2,180.0
6,5,1,16,11,15,19.5,14,186.6,180.0
5,5,6,9,13,18,19.1,12,207.4,180.0
5,4,4,9,1,6,19.6,26,14.9,17.4
2,5,6,14,9,10,21.0,27,163.4,180.0
8,1,0,9,3,7,8.3,30,23.0,28.6
8,5,6,9,3,4,20.9,28,49.9,63.0
1,2,3,11,0,3,15.1,31,2.0,2.5
8,5,5,16,9,11,21.6,34,166.1,180.0
5,4,6,15,7,10,17.3,31,109.6,133.6
2,2,1,9,0,3,15.3,27,1.2,0.0
2,1,0,15,7,12,10.0,25,59.1,86.3
6,1,2,11,6,9,10.0,11,48.2,76.2
9,3,1,9,8,12,11.8,24,78.2,100.0
1,2,0,17,7,10,13.8,22,79.8,125.2
6,3,4,14,4,8,13.0,22,48.4,65.0
9,2,2,13,7,8,14.8,25,88.1,102.1
8,2,4,17,13,18,16.8,17,187.7,180.0
6,4,5,12,14,18,17.0,20,207.4,180.0
3,3,0,8,10,13,12.7,17,101.1,142.0
8,4,4,9,9,14,19.8,31,155.0,180.0
9,2,5,15,11,16,15.7,19,146.5,180.0
1,1,0,8,14,18,11.5,32,138.0,180.0
9,2,0,10,11,15,16.3,10,150.0,180.0
6,4,4,9,2,4,17.4,21,27.4,46.1
6,3,0,12,14,16,12.4,18,149.0,180.0
4,3,1,11,9,14,10.6,14,88.4,112.3
1,4,0,14,6,8,18.1,18,95.5,122.1
10,3,3,12,11,14,10.9,25,105.9,150.6
8,5,5,15,3,4,21.0,27,52.9,65.2
2,1,0,11,4,9,10.1,17,32.6,63.4
1,1,3,13,8,9,9.6,32,63.2,84.6
2,1,0,11,6,8,9.1,20,44.8,70.3
1,3,0,9,3,7,14.0,29,29.5,49.9
1,3,4,8,5,10,10.3,28,41.5,58.2
9,2,1,8,9,11,13.2,13,99.1,121.4
1,2,5,15,13,16,13.9,29,152.7,180.0
4,1,1,11,10,15,11.9,19,101.4,148.2
10,5,2,12,6,11,21.9,33,112.9,160.2
6,2,4,15,12,16,15.6,22,159.3,180.0
7,2,4,14,9,14,16.5,29,124.6,176.8
2,3,1,15,12,16,10.9,23,104.8,142.7
6,5,6,15,8,10,21.9,30,147.1,180.0
7,1,4,13,3,6,8.6,11,18.9,38.6
10,2,1,17,9,12,13.4,13,103.9,132.8
10,5,4,9,2,7,18.4,16,34.1,39.6
2,5,0,13,7,12,20.3,28,123.6,158.2
2,1,1,8,14,16,11.1,26,134.6,160.0
10,5,1,8,0,4,19.5,25,0.0,3.3
7,5,3,10,8,11,21.9,22,147.4,180.0
1,5,4,10,12,16,19.7,33,199.1,180.0
8,2,4,12,0,2,13.6,33,0.0,8.6
3,1,1,8,1,4,9.9,31,11.4,11.8
6,5,0,17,12,15,20.7,32,210.8,180.0
9,5,0,13,7,8,21.3,27,123.2,174.2
6,2,5,14,8,10,14.8,30,98.4,121.9
9,1,0,17,6,8,10.4,21,50.3,71.3
7,3,4,10,2,3,11.1,32,18.9,28.6
9,2,6,11,6,10,15.6,34,82.7,109.9
2,1,3,17,5,6,11.9,10,49.7,69.5
8,5,1,17,1,3,18.2,24,8.7,21.9
8,1,2,17,2,6,11.5,12,19.1,28.7
2,1,3,17,10,13,10.2,15,86.6,121.3
4,1,6,17,12,13,9.0,23,91.2,120.6
7,3,2,10,11,15,13.8,32,127.3,180.0
4,1,3,8,12,16,9.9,15,102.0,125.4
4,3,0,15,9,13,11.3,10,86.8,119.4
6,5,4,17,9,10,18.7,29,143.2,180.0
10,3,6,17,12,15,11.0,15,113.2,147.5
6,5,2,9,11,15,21.3,17,198.2,180.0
10,5,6,8,14,15,20.5,24,242.0,180.0
3,3,3,15,4,6,13.7,23,50.6,55.6
9,2,4,14,9,10,13.9,25,108.2,146.5
10,4,6,14,3,4,16.5,29,44.5,48.6
2,1,2,11,1,2,8.0,32,10.5,8.0
6,4,1,16,3,7,18.0,25,47.6,60.2
7,1,3,13,11,12,12.0,28,114.9,142.3
9,1,1,9,7,9,10.8,33,59.4,78.0
3,5,0,8,4,8,19.2,10,66.0,90.5
10,1,1,8,4,6,11.5,13,38.6,56.9
3,1,1,16,12,17,11.1,33,118.5,155.1
7,3,5,11,11,12,10.1,19,96.9,137.7
4,4,3,12,11,15,19.3,29,178.3,180.0
8,3,0,10,9,13,11.2,27,86.8,138.1
7,1,1,11,2,3,8.6,11,15.1,21.2
5,5,4,15,12,15,18.9,13,194.2,180.0
7,3,2,11,7,10,11.9,24,67.6,95.4
3,3,1,16,5,7,11.7,13,50.8,64.7
2,2,0,16,1,2,14.2,25,11.3,15.7
6,1,1,13,1,2,8.7,24,8.2,18.7
2,5,2,9,8,13,21.0,27,141.0,171.6
3,3,0,17,12,15,14.0,16,140.6,180.0
6,3,3,14,6,9,13.1,24,70.4,79.0
5,5,0,16,9,10,19.2,31,143.6,180.0
8,1,3,13,8,10,9.0,20,58.1,77.4
9,2,0,10,13,14,13.9,28,153.1,180.0
3,3,6,14,5,7,10.5,17,42.5,58.9
10,2,2,12,14,17,15.2,33,178.3,180.0
3,4,2,8,4,9,18.4,10,62.9,75.0
3,1,0,10,11,15,10.8,12,96.7,163.5
6,4,6,12,0,3,18.7,14,0.0,0.7
1,4,1,14,11,13,17.2,27,166.7,180.0
7,4,2,10,5,6,17.3,21,75.0,102.0
1,1,3,13,5,8,10.7,21,43.3,53.8
5,1,3,12,2,7,9.4,30,17.2,23.9
10,5,4,8,2,4,18.9,28,33.7,39.6
8,2,5,17,14,15,14.5,18,175.5,180.0
4,2,6,13,2,6,14.1,20,23.6,32.0
5,5,5,15,2,4,18.4,26,34.1,40.8
4,5,5,8,6,7,21.3,25,102.6,125.1
4,4,3,9,9,13,19.4,13,145.3,180.0
8,5,4,11,10,11,18.9,19,161.0,180.0
2,3,5,9,1,5,10.3,31,9.7,10.2
1,2,5,16,9,13,16.0,24,119.3,165.0
3,5,0,17,12,16,18.8,34,193.0,180.0
9,3,0,15,9,10,11.6,28,86.7,125.1
4,3,0,15,1,5,10.3,12,7.9,18.5
10,3,1,11,2,4,10.9,30,21.6,31.8
5,3,5,12,9,14,13.2,32,103.5,141.3
2,4,1,11,11,16,19.2,14,176.7,180.0
4,3,4,16,6,10,10.8,20,52.1,83.9
2,4,6,9,2,7,17.3,33,28.3,37.6
2,4,3,15,6,11,16.5,14,84.3,102.3
4,3,5,9,8,12,10.3,16,68.0,83.7
6,2,3,8,10,14,17.0,15,147.4,176.5
7,3,6,17,9,11,12.6,22,97.6,128.8
10,3,0,10,11,14,12.2,11,115.0,179.1
3,3,5,16,14,15,13.1,28,151.6,180.0
3,2,2,10,10,14,16.4,20,142.6,180.0
10,1,1,16,3,7,11.2,29,20.2,35.5
6,1,1,14,6,11,8.1,14,43.6,55.5
3,4,5,17,8,10,16.7,18,116.7,149.5
2,4,6,8,13,18,18.6,15,204.4,180.0
8,2,0,17,7,11,14.5,26,90.1,126.6
5,5,1,12,7,11,21.9,28,130.3,180.0
1,1,0,16,8,13,10.7,32,72.7,108.2
3,4,4,10,13,17,19.8,17,220.1,180.0
10,1,3,16,4,7,8.8,16,39.5,44.4
8,2,6,12,13,14,16.5,14,185.9,180.0
4,2,2,16,4,5,14.3,24,50.7,70.0
7,5,3,17,2,3,22.0,19,34.6,51.6
10,5,3,13,4,7,18.6,33,63.8,74.3
2,2,4,16,7,11,15.1,25,87.2,140.5
7,4,1,14,11,16,19.2,18,181.7,180.0
5,1,2,14,4,6,9.7,16,33.5,42.0
5,3,1,15,3,7,11.9,20,26.9,35.7
6,5,5,14,7,10,21.9,18,130.8,163.3
9,3,3,16,6,9,11.7,26,57.1,83.8
6,4,5,16,14,15,18.4,18,219.6,180.0
8,5,0,13,13,17,18.2,12,198.7,180.0
7,3,3,14,13,14,13.4,31,147.8,180.0
9,4,1,9,5,7,18.6,17,81.3,100.1
4,1,3,16,4,5,9.6,28,32.5,42.1
2,4,0,8,13,15,16.1,29,176.3,180.0
7,5,4,8,4,7,20.4,25,69.9,95.4
6,2,5,10,12,13,13.1,16,135.2,180.0
1,1,5,13,9,10,8.0,16,57.9,77.7
9,3,1,12,1,6,12.5,29,11.4,15.5
9,5,3,9,12,15,18.8,34,195.3,180.0
2,2,1,16,14,19,13.8,22,165.6,180.0
3,4,4,17,3,5,18.6,12,47.6,74.5
5,2,3,11,7,9,13.2,21,80.5,108.8
5,5,3,11,7,10,19.3,33,115.9,164.0
1,5,1,12,10,12,18.6,17,160.3,180.0
8,2,1,15,0,3,15.3,22,0.0,0.0
8,4,0,17,1,3,18.6,29,11.2,25.2
4,2,6,11,4,8,15.9,25,57.0,88.1
7,5,6,12,8,9,19.0,16,124.8,179.8
10,5,4,11,9,13,18.4,13,141.6,180.0
3,3,6,13,10,13,10.3,21,86.6,112.8
6,3,0,10,11,14,11.7,26,106.4,170.0
10,1,5,15,12,16,11.8,10,121.2,142.6
10,5,3,13,10,11,18.9,26,161.0,180.0
9,3,1,17,6,7,11.0,11,62.6,68.3
1,2,3,12,9,14,13.4,15,100.7,144.1
5,4,3,9,4,6,18.4,21,67.0,81.5
4,2,2,17,0,5,15.7,20,1.1,1.1
8,4,5,17,14,15,18.6,30,219.0,180.0
1,3,2,14,14,18,13.4,20,162.4,180.0
9,1,6,9,5,7,9.9,27,44.0,49.8
6,2,3,8,11,15,13.5,17,126.7,151.5
4,2,1,14,7,12,14.2,34,85.0,106.2
9,2,3,12,6,9,15.6,16,78.0,111.8
5,4,5,8,1,5,18.5,23,13.2,16.0
5,3,2,11,11,16,12.1,25,115.6,163.9
5,2,1,11,4,9,15.7,21,52.8,78.7
1,2,3,17,13,18,15.5,18,171.6,180.0
1,1,4,14,10,13,11.5,29,98.8,132.1
8,1,5,16,3,6,10.3,32,27.2,39.0
8,3,5,9,8,11,13.1,30,84.9,115.2
6,3,4,8,9,11,11.0,25,88.0,113.2
4,5,3,9,0,3,20.7,30,0.4,4.1
2,1,5,14,11,14,11.6,28,107.9,137.0
2,5,1,17,5,8,19.5,25,84.3,115.0
9,4,3,13,2,6,19.1,18,33.2,41.4
5,5,3,11,10,13,20.9,22,179.9,180.0
4,2,2,8,8,10,13.2,14,91.6,109.1
10,5,5,8,4,9,20.3,31,71.3,87.2
1,3,5,12,12,16,10.5,28,111.4,160.5
7,4,4,8,5,6,19.9,19,87.1,110.3
3,2,2,14,10,13,16.2,16,137.6,172.2
6,5,6,8,8,13,18.4,18,122.0,152.7
5,4,2,8,8,13,16.5,34,117.1,138.8
5,4,5,9,7,11,18.4,23,108.6,140.2
5,2,3,17,8,9,14.4,24,96.4,134.1
1,5,2,10,3,5,18.1,22,41.0,60.1
1,4,4,8,5,10,18.2,19,78.2,102.6
3,4,2,16,4,9,17.6,23,60.1,86.8
10,1,4,17,4,9,8.4,30,24.0,45.7
4,4,6,15,3,8,19.2,32,50.3,57.0
5,1,2,12,1,5,11.7,21,8.4,12.6
2,5,4,9,11,12,21.0,28,204.7,180.0
8,5,2,12,5,10,21.3,15,88.8,131.4
2,5,6,13,8,10,18.9,21,127.0,156.0
9,3,2,8,11,13,11.1,33,100.7,138.0
2,5,1,11,0,3,18.8,22,3.8,4.8
9,4,4,16,13,18,19.1,17,209.5,180.0
7,2,6,9,6,11,16.8,25,83.5,103.0
8,1,4,12,5,10,10.9,11,48.3,69.8
2,3,4,8,2,7,13.5,31,18.9,34.6
7,5,0,11,0,5,20.6,16,1.9,0.5
6,5,6,11,12,14,19.6,21,204.8,180.0
4,2,2,13,3,4,14.7,16,39.2,52.0
7,2,4,17,14,15,13.3,28,160.2,180.0
4,3,5,16,13,16,10.1,23,114.5,148.1
2,1,0,10,8,10,10.8,18,78.4,111.4
10,5,1,16,14,19,19.8,27,238.7,180.0
7,3,4,13,1,2,12.2,20,11.7,12.2
8,4,4,14,2,6,18.2,25,33.7,47.6
2,4,0,17,1,5,17.1,28,11.9,25.1
5,3,2,9,13,17,11.9,20,133.9,163.5
1,5,5,17,1,6,19.9,27,13.9,22.1
7,3,1,13,9,14,11.6,20,87.3,110.6
8,5,4,13,10,13,21.3,34,171.7,180.0
6,2,2,9,10,13,14.8,13,127.0,158.7
5,3,6,9,7,10,12.4,27,71.9,88.4
6,5,5,9,2,6,21.6,28,40.0,45.1
2,3,6,17,6,11,13.5,22,69.8,94.5
1,3,5,8,7,11,13.6,13,84.1,103.1
7,5,1,12,2,5,19.1,19,29.2,42.8
7,5,3,15,1,6,18.1,31,18.5,15.9
10,1,5,9,12,14,9.0,14,98.6,118.2
10,3,3,12,12,13,11.1,12,115.7,153.8
2,4,6,15,7,8,19.6,25,119.2,146.6
2,3,5,17,2,5,12.6,17,21.9,29.6
1,3,1,12,6,10,10.3,33,51.1,70.1
10,5,0,9,11,13,18.5,16,175.6,180.0
8,3,1,10,0,5,10.6,28,0.0,4.0
8,3,1,13,13,17,12.5,23,137.1,169.2
1,4,0,12,14,17,18.9,24,220.1,180.0
8,5,0,11,11,15,21.4,26,198.3,180.0
9,3,2,11,5,8,13.8,30,60.4,82.3
4,2,5,12,11,12,13.8,10,130.6,176.9
1,1,6,9,11,12,9.2,15,86.5,106.4
1,4,2,16,12,16,17.0,32,173.5,180.0
3,3,0,9,8,10,11.4,24,72.1,112.4
5,2,3,17,11,16,16.7,21,154.6,180.0
5,3,6,9,2,5,12.3,30,18.9,31.5
9,3,3,17,13,18,13.0,29,141.2,180.0
10,5,1,16,6,7,20.0,11,103.6,138.9
2,5,4,10,12,14,18.1,14,182.2,180.0
2,5,1,17,5,7,18.3,18,75.8,96.8
6,2,1,14,7,12,15.2,29,83.9,114.4
9,3,4,11,2,3,12.9,23,21.0,30.3
1,1,5,13,2,7,8.9,27,11.8,15.7
9,4,0,11,3,7,18.9,31,48.4,69.9
9,5,3,17,2,4,21.2,17,33.3,51.1
9,5,1,14,8,10,19.6,11,133.9,162.7
5,3,4,8,10,14,13.0,18,109.9,153.0
9,3,2,10,3,4,11.6,16,34.6,44.8
4,2,1,10,5,7,15.7,27,68.3,92.2
2,2,3,8,7,10,16.1,25,90.0,117.1
6,5,0,13,10,13,22.0,30,182.9,180.0
4,3,1,16,12,13,11.4,14,116.3,155.9
6,1,1,15,7,11,9.6,32,54.6,69.1
3,4,5,14,14,19,16.7,24,189.4,180.0
6,3,4,17,4,5,10.8,14,40.8,59.2
2,3,2,15,4,9,12.8,20,45.6,52.3
2,2,2,13,5,6,16.7,31,72.4,91.5
9,4,6,16,9,12,17.6,23,132.7,180.0
7,5,0,10,6,10,18.7,34,96.8,148.0
3,3,6,17,12,15,11.1,28,111.5,147.8
1,5,3,17,12,16,19.8,12,202.8,180.0
8,3,0,16,9,14,11.2,33,82.6,129.1
6,5,1,11,13,14,18.9,19,213.8,180.0
7,4,1,14,6,8,18.9,15,91.9,115.0
9,2,2,16,12,14,13.0,12,136.6,180.0
5,4,3,9,3,7,18.2,11,46.4,60.9
1,1,4,9,5,9,11.2,22,46.0,62.3
10,2,3,16,6,9,14.1,27,72.2,97.5
7,4,1,10,4,6,18.4,11,64.8,97.6
5,1,4,16,4,7,10.7,24,40.4,50.2
3,3,3,12,1,6,12.6,14,11.7,19.6
9,3,3,13,6,8,11.8,24,57.4,73.4
1,5,4,9,11,16,19.4,30,181.4,180.0
1,2,1,15,5,6,16.3,26,74.9,89.8
1,3,3,16,10,13,13.0,11,114.8,148.3
3,2,4,9,0,4,14.3,27,2.7,6.5
6,3,5,13,3,5,10.4,24,28.9,42.6
10,5,5,13,2,5,18.3,29,33.2,39.3
3,4,1,15,11,15,16.4,32,156.6,180.0
8,5,4,17,14,15,20.3,12,240.6,180.0
10,1,5,12,2,4,8.2,14,9.9,21.0
2,3,4,16,6,11,11.3,20,58.1,87.2
9,1,3,8,10,11,11.0,18,91.2,118.8
3,1,1,16,11,15,9.2,14,82.6,123.4
5,2,5,17,9,11,16.1,34,120.6,164.0
10,3,6,14,3,5,13.0,10,40.6,47.6
8,1,3,11,14,15,9.0,34,107.3,158.3
2,4,6,10,11,13,18.9,23,177.9,180.0
6,1,6,17,7,11,11.0,14,61.7,88.1
5,4,0,13,10,11,17.6,17,144.0,180.0
10,2,0,8,8,13,13.8,30,91.7,125.1
9,1,1,10,2,3,10.1,23,21.5,28.5
5,5,5,9,4,5,21.7,25,74.7,84.4
2,2,5,16,3,8,15.6,15,41.5,58.1
5,4,5,10,13,17,16.7,17,186.7,180.0
4,2,4,9,11,14,15.7,11,145.3,180.0
7,1,3,11,9,12,9.7,28,78.4,106.6
6,3,5,9,14,19,12.4,18,145.3,180.0
2,3,3,8,5,9,12.9,14,59.2,73.7
5,4,1,13,10,12,18.1,14,154.8,180.0
7,4,6,17,9,14,19.3,34,141.9,180.0
7,3,5,15,3,6,12.9,28,30.6,42.2
5,4,1,17,7,11,18.5,13,104.5,143.0
9,2,5,17,2,3,13.6,25,26.6,27.2
4,5,0,9,10,14,21.3,25,181.3,180.0
3,5,2,16,4,8,21.7,25,67.2,95.3
4,2,1,10,12,15,13.5,16,139.3,180.0
5,5,5,15,0,3,20.0,27,0.0,0.0
6,1,2,15,12,14,9.0,33,87.7,114.7
3,2,1,10,14,16,16.0,30,195.6,180.0
2,4,4,10,5,10,18.9,10,80.6,123.2
4,2,5,13,10,11,13.6,12,114.4,136.6
5,3,4,8,4,6,13.5,34,44.7,62.2
4,4,0,11,7,10,16.7,30,95.0,149.5
3,3,5,8,8,12,13.2,17,85.8,110.4
8,4,6,10,7,12,17.8,10,109.9,154.9
10,5,0,16,7,9,19.3,16,113.5,167.0
4,2,2,12,11,15,13.6,16,127.5,180.0
2,1,1,12,13,17,8.7,17,89.7,143.8
2,4,3,11,12,14,18.6,28,186.3,180.0
1,4,0,10,2,3,18.2,26,32.8,43.1
4,3,3,12,3,4,10.5,20,27.9,38.0
10,5,3,11,14,19,18.5,24,224.8,180.0
9,3,1,15,10,11,10.3,18,91.5,106.4
7,3,2,11,3,8,13.0,26,32.4,52.4
10,5,1,15,14,17,20.8,20,249.5,180.0
7,1,5,13,14,16,8.2,15,97.0,120.2
7,3,0,12,13,17,12.2,18,141.4,180.0
8,3,3,11,10,15,10.3,27,91.3,129.2
1,4,1,11,4,5,19.6,29,67.2,93.3
10,5,1,11,12,17,21.6,11,221.2,180.0
10,2,1,16,8,13,15.8,13,111.7,144.1
8,1,0,11,11,12,11.7,27,111.2,168.6
4,1,2,16,8,9,11.2,10,81.1,97.2
4,5,6,17,9,11,21.3,20,156.5,180.0
4,4,1,13,12,16,18.3,12,187.8,180.0
6,4,0,17,11,13,17.2,17,159.5,180.0
7,5,3,14,13,15,18.9,14,213.8,180.0
6,4,5,17,0,1,17.3,29,4.6,0.0
1,1,6,10,13,14,10.5,30,116.3,170.9
8,1,4,15,13,17,8.7,31,100.6,130.4
10,2,6,10,7,12,14.0,31,88.9,114.6
7,5,6,8,13,15,19.9,14,219.8,180.0
6,3,0,17,0,4,10.9,20,7.4,0.0
6,3,4,12,1,3,12.4,21,10.4,14.0
5,2,1,9,6,11,16.7,31,84.5,107.7
6,2,1,17,14,16,16.0,18,192.9,180.0
9,4,6,13,7,10,18.7,30,110.0,129.8
10,2,0,17,0,4,15.3,22,0.3,8.9
9,2,4,16,14,15,15.0,31,182.2,180.0
10,3,1,8,2,4,10.7,29,18.3,22.4
8,4,3,11,6,10,19.6,12,94.8,140.1
10,2,2,8,12,16,14.0,22,143.8,178.0
9,2,2,8,8,10,13.4,31,88.8,115.8
10,4,1,15,7,8,19.0,20,115.6,134.0
8,5,4,9,7,8,18.7,20,113.4,149.5
8,4,5,8,14,16,17.5,30,212.5,180.0
1,3,1,15,8,12,10.1,29,71.5,86.1
10,5,5,11,9,10,18.5,30,145.2,180.0
5,1,5,10,2,4,8.7,16,12.8,22.0
4,4,4,11,7,9,16.2,26,98.9,151.0
2,3,5,12,0,2,12.6,25,5.9,2.9
8,5,3,8,7,11,21.3,23,125.0,148.9
3,4,4,8,12,13,17.5,10,183.8,180.0
4,2,1,10,6,10,16.5,20,82.5,117.4
7,4,6,13,12,15,16.9,22,169.3,180.0
10,1,3,8,14,15,9.3,10,111.6,134.3
9,4,0,9,7,11,16.6,11,100.9,132.5
2,5,2,14,0,1,20.5,18,2.7,0.0
3,5,1,8,5,8,19.7,22,80.8,100.2
4,4,1,14,6,11,18.5,14,95.4,116.9
10,5,1,11,13,15,21.0,18,230.5,180.0
1,2,3,17,10,14,15.2,22,124.6,175.8
7,4,0,13,4,7,18.5,14,60.1,81.7
2,2,6,15,13,16,16.7,24,182.7,180.0
5,2,4,16,4,5,14.2,16,49.8,71.5
1,3,0,13,6,7,11.4,23,61.8,76.7
3,4,3,16,14,16,18.9,25,220.1,180.0
2,5,1,11,10,11,20.4,15,174.8,180.0
1,2,2,13,14,18,13.7,11,159.7,180.0
7,3,1,15,2,6,11.5,25,21.4,22.5
5,4,4,16,5,9,17.9,28,74.1,118.3
1,4,5,10,6,11,17.7,14,87.0,128.3
6,1,2,9,0,4,8.7,13,2.4,7.2
5,1,1,13,11,12,11.7,23,107.6,142.3
3,2,6,11,1,2,16.0,15,12.7,14.9
7,1,2,8,11,15,9.9,17,86.1,121.8
10,2,5,15,3,6,15.7,33,42.9,44.5
9,5,0,16,12,15,21.6,12,222.7,180.0
9,2,3,16,7,10,13.5,13,80.6,106.1
9,1,1,9,10,12,9.0,10,71.9,98.0
2,5,4,16,12,17,20.2,11,209.4,180.0
3,1,0,14,13,17,11.2,22,121.7,167.9
7,2,1,12,9,11,13.1,18,99.2,142.1
5,3,0,14,5,8,13.9,21,66.2,83.0
2,4,4,16,0,4,17.8,19,0.0,4.7
3,1,1,15,9,11,9.4,19,74.4,94.8
10,2,5,13,4,5,14.2,27,49.9,66.5
6,5,5,11,6,9,18.7,21,96.5,133.4
7,1,4,8,14,16,11.2,31,133.7,177.9
9,1,2,13,12,13,11.8,25,121.7,150.8
1,4,4,10,5,8,17.7,32,75.8,111.1
7,2,2,13,12,17,16.8,15,171.3,180.0
8,3,1,13,12,15,13.3,33,140.1,171.0
3,5,2,11,11,16,19.9,34,182.4,180.0
4,2,1,9,8,13,15.7,33,109.8,127.2
10,5,1,16,7,12,19.7,30,119.9,152.0
6,1,6,9,14,18,10.2,33,123.9,152.5
10,4,3,10,3,7,16.2,19,44.7,64.1
7,4,1,17,12,17,18.8,24,191.3,180.0
4,3,2,8,10,11,10.2,18,81.2,108.1
8,4,3,14,11,16,19.3,33,179.9,180.0
5,1,3,8,4,6,11.3,11,35.4,47.8
1,3,1,16,6,11,10.9,27,53.6,77.2
4,2,4,8,7,11,14.3,21,81.3,105.3
3,4,4,12,4,8,17.9,12,59.5,92.9
9,3,5,14,8,10,12.4,16,82.4,107.5
8,1,3,10,13,15,9.1,18,94.0,150.5
1,5,1,16,9,12,20.4,17,157.9,180.0
6,5,6,15,11,12,19.2,34,186.1,180.0
9,1,4,10,3,4,8.2,15,22.8,37.4
7,1,6,12,3,4,8.0,10,19.8,29.7
4,5,1,14,12,16,18.4,23,187.6,180.0
1,3,1,11,7,8,13.2,25,77.1,111.0
2,5,3,12,0,3,21.8,25,0.3,4.5
5,1,6,10,7,10,9.7,13,57.7,79.4
5,4,5,16,4,5,18.1,15,58.8,80.9
8,2,3,17,12,14,13.6,24,143.6,180.0
6,4,0,16,13,16,18.2,31,196.7,180.0
8,4,6,14,10,12,16.6,17,143.1,175.9
2,1,4,17,0,4,10.4,10,0.0,2.0
3,5,4,9,3,6,21.7,22,61.1,81.1
6,3,4,14,1,3,10.8,27,10.2,16.8
10,4,2,14,3,4,19.1,27,47.5,57.8
3,5,1,12,7,11,18.1,22,106.9,150.8
6,3,3,16,4,9,11.5,31,39.2,57.4
6,4,4,10,0,5,16.4,23,0.0,6.4
2,3,0,11,6,7,11.4,20,55.9,91.4
7,5,4,8,0,4,18.7,16,0.0,6.4
2,2,5,13,8,12,14.5,27,95.8,120.8
6,5,1,11,2,6,19.7,30,33.7,44.3
1,1,6,8,11,15,9.2,31,86.9,108.5
3,3,1,9,2,7,12.6,13,15.5,29.6
2,2,6,10,14,16,16.7,26,198.0,180.0
7,3,6,16,14,18,11.6,28,139.8,180.0
4,3,3,15,5,7,10.8,23,45.3,59.1
8,4,2,14,9,13,17.1,19,128.8,158.6
6,1,6,11,5,8,11.4,34,47.3,69.0
10,3,6,8,12,15,12.3,15,123.7,153.5
4,5,3,15,10,13,19.8,27,166.6,180.0
5,5,4,11,10,14,18.6,34,158.6,180.0
9,4,5,10,5,7,17.8,13,82.6,100.9
7,1,0,16,12,17,9.1,20,90.7,138.7
10,1,3,17,0,1,11.8,22,0.0,3.9
9,5,2,11,4,9,21.5,17,73.1,106.0
7,2,3,11,11,15,13.3,19,122.6,176.0
1,4,1,16,5,8,18.1,32,80.1,98.8
8,4,4,9,7,10,16.9,20,93.4,132.4
4,5,4,12,12,14,19.6,12,198.8,180.0
3,5,6,11,0,4,21.5,24,2.5,3.1
7,2,4,16,4,9,15.1,17,50.5,84.4
3,2,4,12,2,6,14.3,29,21.9,36.5
8,1,4,16,1,5,8.8,27,8.8,9.1
6,4,4,16,10,13,19.2,30,165.9,180.0
5,4,0,9,7,12,18.5,10,110.7,152.6
4,5,2,16,6,7,19.9,33,98.9,128.9
8,1,6,10,9,12,8.9,17,69.2,103.6
8,4,4,11,6,11,17.3,12,87.2,136.4
1,1,6,8,4,6,11.8,10,42.5,47.4
9,1,2,8,11,14,10.1,29,98.7,111.5
5,5,5,8,12,14,19.6,34,192.1,180.0
4,1,4,16,8,11,10.1,25,68.9,102.4
6,2,6,15,4,8,16.1,18,49.6,69.1
6,2,3,12,1,6,14.4,26,19.5,15.9
2,3,6,12,2,4,10.7,25,16.8,25.4
8,5,4,16,3,6,20.3,32,54.1,74.9
7,3,1,10,14,16,12.7,15,150.6,180.0
1,2,0,10,4,7,15.9,32,51.5,81.0
5,3,3,14,12,15,13.5,16,135.2,163.7
6,5,3,16,2,3,19.5,33,37.9,55.3
4,5,1,13,11,12,18.3,25,174.0,180.0
2,1,4,9,13,14,11.8,17,136.6,176.9
4,4,0,8,6,8,17.7,19,90.6,114.0
1,1,3,9,4,8,10.5,23,36.5,38.0
7,5,0,8,4,7,20.7,20,69.5,94.8
2,2,3,17,5,10,15.2,11,63.7,89.2
2,2,4,17,6,7,13.8,21,67.4,108.9
9,1,5,16,9,11,11.0,29,84.6,116.2
5,5,3,17,9,11,21.2,29,159.9,180.0
2,2,5,15,7,9,15.2,22,91.8,107.2
9,5,3,14,8,13,20.0,24,136.2,172.1
9,2,2,10,10,15,13.5,21,115.2,166.0
1,5,4,15,3,4,18.3,22,51.8,57.5
3,3,1,9,4,9,11.4,17,38.5,50.1
4,5,5,9,14,15,19.2,25,231.3,180.0
7,5,1,17,4,9,21.8,12,80.3,99.1
10,1,4,10,7,12,11.1,22,70.2,107.7
4,3,6,14,8,13,12.6,21,89.4,110.9
2,4,1,8,6,7,18.1,28,91.2,111.2
7,1,4,15,14,17,8.7,11,103.9,140.9
6,4,1,14,4,5,19.9,10,63.8,88.2
3,2,5,11,2,5,14.5,17,26.1,39.6
6,4,2,12,0,2,16.4,18,0.8,1.3
6,5,1,17,10,12,20.0,34,169.9,180.0
5,4,5,8,8,9,19.5,17,135.7,161.8
4,1,3,11,4,7,11.5,30,35.6,59.4
10,1,4,8,8,11,8.0,26,59.6,65.3
1,4,0,8,9,12,19.5,18,152.2,180.0
10,1,6,17,14,16,9.1,15,107.9,146.3
6,1,0,8,11,12,8.2,24,75.8,103.8
2,4,4,14,12,16,19.4,32,199.2,180.0
3,3,2,14,13,16,13.5,33,153.2,180.0
8,3,1,11,3,6,12.4,22,31.9,51.3
10,2,2,9,4,8,15.3,30,52.4,63.4
6,1,0,10,3,4,11.3,31,28.7,48.6
3,4,6,15,1,4,19.1,21,21.6,17.9
7,1,5,15,11,12,11.6,22,107.0,136.2
4,5,6,13,0,3,20.2,16,0.0,1.5
9,1,4,17,7,12,11.9,32,75.0,108.0
5,1,4,16,3,6,12.0,27,31.0,46.5
3,3,2,16,4,9,10.5,23,39.0,53.1
2,4,5,11,5,6,19.4,20,79.7,104.3
2,1,2,8,13,16,10.0,23,109.9,132.3
3,3,1,8,7,9,11.6,26,73.2,87.0
2,2,3,17,10,12,15.5,33,129.3,167.8
4,3,5,12,7,11,10.2,30,60.4,85.7
2,3,3,9,6,8,12.0,11,62.1,75.9
10,3,6,13,3,8,13.5,28,31.4,41.1
9,1,1,14,5,7,8.9,25,36.4,45.0
2,1,3,8,3,5,9.7,31,25.1,32.7
9,2,0,13,14,16,16.8,19,199.6,180.0
6,5,6,15,13,16,19.7,31,221.7,180.0
1,5,3,12,6,10,19.4,17,103.7,136.8
4,5,1,14,11,12,19.8,30,182.2,180.0
1,2,3,17,12,16,15.1,14,154.1,180.0
6,5,4,13,11,16,20.5,16,194.0,180.0
4,5,2,11,14,17,21.2,22,256.9,180.0
3,3,0,14,12,15,11.8,25,122.6,167.4
3,1,4,17,12,14,11.3,14,115.8,167.2
9,1,4,16,10,12,10.1,25,88.1,123.6
6,3,1,17,13,18,11.4,24,127.5,171.4
9,3,2,17,0,3,12.6,18,0.0,4.8
5,3,2,14,4,5,12.9,31,44.3,54.6
2,1,5,12,14,18,10.2,32,126.1,174.9
8,5,6,14,13,16,18.2,21,200.8,180.0
5,3,0,10,9,10,10.7,17,82.1,123.6
2,2,6,9,11,12,14.1,22,131.5,160.7
4,3,1,12,14,18,11.1,14,125.5,180.0
9,4,0,11,9,10,18.7,23,143.1,180.0
4,3,5,12,14,19,10.1,25,120.8,166.6
4,1,3,15,3,4,11.0,20,26.6,32.4
2,3,4,11,10,15,11.1,29,90.6,143.7
6,4,0,16,6,7,17.2,21,85.3,130.1
2,2,6,14,12,14,15.1,24,156.4,180.0
7,5,4,17,8,9,18.9,33,134.2,180.0
3,3,1,14,4,9,13.5,21,50.2,55.7
3,4,6,15,3,4,16.3,18,37.6,42.5
5,4,3,13,14,15,17.8,10,214.1,180.0
3,2,1,15,8,9,16.4,12,109.5,136.3
2,1,3,10,4,9,10.5,21,33.8,54.7
10,3,3,17,8,9,11.2,29,74.6,100.1
9,4,4,17,7,11,17.7,22,107.3,152.2
2,2,1,8,3,7,15.8,32,43.2,52.6
2,5,1,13,10,15,21.9,15,185.8,180.0
8,4,0,8,10,12,19.6,19,166.1,180.0
9,2,6,16,6,10,14.4,19,74.7,101.5
7,1,1,9,4,7,12.0,25,42.5,50.2
3,1,0,9,9,13,8.0,10,64.8,79.7
9,4,2,14,3,6,16.1,25,37.2,55.2
3,4,2,9,4,9,19.3,13,65.7,85.3
5,3,2,17,4,6,10.8,15,33.5,53.4
9,2,5,15,10,13,13.2,28,112.4,138.2
3,4,1,13,14,17,16.9,11,201.0,180.0
7,3,5,14,8,12,11.7,27,79.4,103.2
1,3,6,14,11,14,12.9,19,118.4,155.6
4,4,1,13,8,13,18.5,13,121.3,158.4
4,1,0,17,5,10,9.0,10,31.8,59.4
7,2,5,16,13,18,15.0,24,165.5,180.0
8,2,5,16,3,7,16.7,19,41.3,59.2
1,1,6,14,14,16,11.3,27,132.0,166.7
5,4,5,16,1,5,17.3,25,18.7,24.4
7,2,3,17,13,18,16.9,22,184.5,180.0
4,4,0,10,2,6,18.8,24,36.3,50.3
4,4,2,10,1,6,16.2,11,18.7,30.1
4,3,0,8,4,5,10.1,29,28.6,40.1
6,1,3,12,5,6,8.7,13,37.1,54.6
7,4,6,11,10,13,18.9,10,159.5,180.0
2,5,6,9,4,6,18.7,16,55.0,70.3
5,1,1,16,1,2,10.0,32,4.2,11.2
4,2,0,10,11,16,13.4,20,127.4,180.0
3,3,6,15,4,8,13.7,19,52.6,58.1
7,2,5,13,8,12,14.4,10,100.5,121.1
6,2,6,12,3,6,16.6,20,43.4,64.9
7,1,6,8,11,15,11.8,33,110.1,131.0
5,2,6,11,9,10,13.0,19,104.7,143.4
6,4,6,10,1,5,17.9,23,21.6,23.4
5,2,2,8,2,3,13.1,23,20.5,31.8
7,3,2,12,2,3,13.6,16,17.2,31.1
2,3,1,13,8,10,12.1,32,75.8,96.3
5,5,6,9,3,6,18.3,20,50.6,53.0
6,3,0,10,14,19,10.4,31,124.1,180.0
6,2,3,13,0,1,14.5,13,0.5,2.4
5,3,1,11,0,3,13.8,33,0.0,7.4
10,1,0,16,14,19,10.8,11,125.9,180.0
7,3,6,12,6,10,13.5,16,67.8,100.5
10,4,4,11,6,9,17.5,28,89.7,131.0
8,1,6,9,1,4,8.2,23,5.8,10.9
7,5,2,13,8,11,21.9,28,145.8,180.0
5,4,3,17,8,12,16.1,16,106.9,141.6
1,2,5,9,4,8,16.8,21,60.7,70.3
5,2,3,14,14,17,14.5,12,173.0,180.0
10,2,5,10,14,16,13.0,24,157.0,180.0
2,4,3,16,2,3,18.8,14,29.2,48.1
5,4,2,12,2,6,19.9,17,25.0,50.2
5,4,5,15,11,13,19.9,23,184.1,180.0
2,1,0,13,2,6,8.6,13,12.1,20.4
5,1,5,17,5,8,8.7,16,38.1,45.1
4,2,1,15,3,5,15.3,16,48.8,50.4
1,3,0,10,7,12,12.5,27,76.8,116.8
3,2,1,10,14,15,16.0,23,198.1,180.0
1,5,6,12,12,13,18.7,17,192.7,180.0
5,1,3,17,10,14,11.8,21,98.7,140.2
4,4,0,10,12,13,18.6,19,190.3,180.0
7,1,3,15,10,15,11.4,23,102.1,122.0
5,4,6,17,10,12,18.2,18,159.9,180.0
10,5,4,15,4,6,19.7,15,65.1,88.7
4,5,3,9,0,3,21.9,14,0.8,3.2
2,1,6,11,8,10,10.3,10,65.9,104.1
4,4,3,17,0,4,19.5,10,2.5,0.0
2,5,6,8,5,10,21.8,34,97.4,114.1
8,2,1,11,0,3,15.7,29,0.1,7.9
3,2,6,11,2,6,15.2,26,23.8,37.0
9,4,5,17,14,18,16.0,20,191.6,180.0
4,1,4,16,9,13,8.2,21,63.7,97.3
6,5,3,10,4,5,18.8,12,64.2,92.8
10,1,6,9,14,18,8.7,15,104.6,128.2
5,2,6,16,9,10,14.0,20,106.7,140.6
10,5,3,16,6,8,19.2,22,101.0,130.9
1,1,4,8,13,14,9.4,20,106.5,135.9
9,3,4,13,9,13,11.7,17,86.4,121.1
1,4,6,17,7,12,16.4,19,94.5,133.3
8,4,0,15,11,16,16.2,11,150.4,180.0
9,3,1,10,8,10,12.7,33,88.5,123.4
9,2,4,16,5,9,15.1,23,64.8,98.7
1,5,4,9,14,15,19.8,25,233.4,180.0
2,4,2,13,10,15,18.5,26,158.4,180.0
1,3,5,8,8,11,13.3,20,89.5,111.3
10,3,4,14,7,11,11.7,11,72.3,105.4
2,2,1,10,8,12,15.6,33,106.8,148.9
10,2,5,14,9,12,16.8,32,127.7,161.8
8,1,5,11,3,8,11.4,14,29.7,47.0
5,4,3,16,8,11,17.7,25,124.3,155.4
7,1,3,12,14,16,10.6,25,124.2,179.6
2,3,3,10,6,7,10.7,11,55.8,78.0
8,5,3,15,4,5,20.2,25,68.6,84.8
6,5,2,13,4,9,21.9,34,75.8,89.2
8,2,4,9,0,3,15.1,14,0.0,0.0
1,5,3,10,1,5,21.7,17,18.8,25.6
1,5,6,15,9,13,19.6,29,153.5,180.0
7,5,0,17,2,6,22.0,23,34.6,61.0
8,3,3,14,13,15,12.3,34,132.1,174.9
3,5,4,17,13,15,18.2,19,196.9,180.0
5,5,3,13,7,11,20.3,32,117.6,151.4
1,5,2,8,5,10,19.1,11,83.0,96.5
7,1,1,16,11,13,8.1,12,71.8,103.2
5,3,1,10,9,11,13.3,27,100.7,143.8
8,2,4,12,10,11,14.1,30,121.7,180.0
8,1,6,14,12,13,11.2,11,115.3,143.0
9,4,1,14,14,19,17.2,30,203.0,180.0
7,3,1,10,13,15,10.8,18,119.7,170.8
1,3,0,11,4,6,13.9,11,47.6,77.4
3,4,4,17,12,15,17.4,34,177.3,180.0
8,4,6,14,0,5,18.4,16,0.0,6.2
3,4,4,15,11,16,18.4,16,179.1,180.0
8,2,1,9,10,13,15.2,23,132.0,155.2
1,5,1,16,11,14,21.7,14,210.0,180.0
5,3,1,14,8,9,12.7,17,84.9,110.9
4,5,5,15,2,7,19.6,32,33.1,44.7
5,5,2,13,2,7,21.4,31,32.5,46.5
8,4,3,13,1,4,16.7,27,11.8,20.0
10,2,2,16,3,7,15.2,15,44.4,54.1
4,1,4,11,11,15,11.8,23,108.8,167.2
4,2,0,12,1,2,15.5,27,18.9,15.6
3,5,3,16,12,16,21.3,26,213.2,180.0
7,2,0,8,8,12,15.6,18,103.0,143.7
3,4,6,11,11,15,19.4,22,180.0,180.0
3,1,5,14,9,11,11.8,25,89.9,114.2
10,4,4,16,6,7,17.1,30,89.9,126.7
5,1,5,17,7,10,8.7,19,53.0,74.1
5,5,4,13,2,6,19.9,19,32.6,46.3
6,1,0,15,5,7,10.8,13,45.5,70.2
8,1,0,16,14,18,8.9,21,105.1,160.2
10,1,0,17,9,11,8.0,17,58.6,102.2
6,2,4,11,5,6,14.4,24,58.4,95.3
1,2,1,8,12,16,16.9,30,175.2,180.0
8,5,0,15,0,2,20.8,32,0.0,0.0
8,1,5,9,5,10,9.6,28,45.7,47.3
9,3,6,8,12,17,10.8,24,108.8,133.8
9,5,3,14,13,15,19.4,17,212.3,180.0
2,1,4,17,2,6,8.7,17,17.0,25.6
2,1,5,16,10,14,8.4,28,76.1,97.6
3,2,2,16,2,3,16.6,18,31.6,38.8
1,5,6,10,2,3,22.0,33,38.9,57.2
4,1,2,13,9,12,8.7,26,69.5,83.6
4,1,3,14,10,11,8.2,17,64.7,96.0
9,5,1,17,14,18,19.3,21,228.3,180.0
9,3,0,16,10,13,11.8,24,98.0,149.2
9,5,4,9,14,15,18.8,13,227.6,180.0
10,5,5,15,9,11,19.2,15,145.8,180.0
7,3,0,14,10,15,10.8,25,94.4,117.4
2,5,5,11,7,8,21.1,34,127.1,168.1
10,1,4,9,12,13,10.9,14,108.1,149.3
5,5,2,15,4,6,20.5,32,68.1,91.4
4,3,0,12,3,7,11.5,22,33.3,48.2
8,4,3,13,12,14,19.6,24,198.0,180.0
2,5,1,14,8,9,21.9,26,149.1,174.7
6,2,3,17,8,12,13.7,34,90.8,133.2
5,1,1,8,0,3,8.9,31,0.0,0.0
2,1,6,15,1,2,10.1,29,8.4,7.3
10,2,5,11,7,9,13.4,31,77.2,118.0
1,2,0,16,4,7,14.7,14,47.3,78.9
8,5,0,8,6,11,20.3,28,104.5,144.8
2,2,6,9,0,3,15.1,16,0.0,0.0
7,4,1,13,11,13,17.3,12,159.5,180.0
9,3,2,17,9,12,12.2,22,90.3,127.0
9,2,4,8,11,13,16.8,23,157.2,180.0
8,2,3,11,4,5,13.8,25,49.8,67.5
10,4,6,15,10,14,18.6,22,162.8,180.0
9,1,5,17,11,16,8.2,11,74.2,100.0
2,1,6,12,2,6,8.3,23,20.5,25.4
6,5,3,16,9,13,20.2,29,151.6,180.0
4,4,3,13,11,15,16.4,16,156.8,180.0
4,3,5,8,11,13,10.1,14,92.2,115.6
5,3,5,13,13,15,10.7,23,115.5,143.2
3,4,0,13,1,6,18.3,18,13.3,20.6
1,3,3,13,1,3,12.8,19,10.7,8.5
8,1,4,15,8,10,8.8,16,61.6,82.7
5,3,4,13,12,14,12.7,23,131.3,171.2
3,3,1,12,3,5,10.7,34,24.5,42.7
10,4,6,9,3,4,18.5,23,44.1,59.9
7,4,5,11,6,11,17.6,34,87.3,134.0
7,3,0,17,9,11,12.6,11,96.2,144.3
1,2,4,12,9,14,17.0,26,129.3,180.0
9,4,2,17,12,15,19.8,29,198.6,180.0
2,5,0,11,1,2,18.0,13,16.1,21.3
5,5,0,9,2,4,21.5,22,43.4,43.4
5,1,4,14,2,3,8.3,27,12.5,20.5
8,3,2,17,5,6,13.8,12,57.4,73.3
8,2,1,17,2,5,14.1,28,25.7,43.4
7,1,4,9,10,15,9.5,14,79.3,118.1
7,3,2,8,4,5,10.4,10,37.3,52.6
6,4,0,12,3,7,16.4,18,39.8,66.2
6,5,2,8,2,5,20.9,33,41.0,46.5
9,2,0,8,7,11,16.8,17,100.9,132.8
6,5,6,8,13,16,20.4,12,224.0,180.0
2,4,4,13,9,13,18.9,11,142.5,180.0
2,3,5,16,2,6,13.0,10,20.6,21.5
5,4,4,17,5,6,17.1,21,76.6,103.0
4,4,6,8,12,13,16.2,31,161.2,180.0
2,5,3,12,14,17,18.0,22,212.3,180.0
3,2,3,16,6,11,14.4,19,71.8,107.8
7,4,3,16,6,7,17.0,26,86.5,109.9
8,5,4,8,1,2,18.2,20,14.7,26.2
6,2,1,15,13,15,13.7,14,147.1,180.0
5,3,4,8,2,3,10.5,34,16.6,18.3
1,3,6,15,11,16,13.7,18,127.4,156.7
8,1,6,8,9,11,8.6,22,63.6,80.2
3,5,5,12,9,13,20.2,29,156.2,180.0
6,2,2,15,14,18,15.4,32,185.7,180.0
3,4,4,13,3,5,18.2,20,46.1,62.1
7,3,4,16,6,8,10.4,32,53.7,76.7
7,2,0,8,1,3,14.3,13,5.7,19.1
9,5,6,16,2,5,18.2,30,29.7,41.7
5,1,0,8,6,11,9.6,20,51.9,66.6
8,3,0,17,6,11,10.8,18,53.6,82.7
10,2,4,17,14,18,15.2,16,179.2,180.0
10,2,1,10,9,13,15.8,25,127.5,168.1
8,2,2,8,2,6,15.1,32,31.2,29.1
1,5,2,10,11,12,19.7,32,185.9,180.0
5,5,6,9,0,4,19.5,34,3.4,1.4
3,5,5,9,11,13,21.4,14,193.1,180.0
1,4,6,16,2,6,16.9,15,26.3,49.1
4,2,1,15,4,6,15.9,28,52.8,65.3
8,3,1,8,6,9,13.0,10,65.7,81.2
3,5,2,11,3,4,19.7,25,48.7,70.5
10,5,3,8,12,13,19.2,27,188.1,180.0
2,2,0,8,12,17,14.9,33,153.0,180.0
9,5,0,11,10,13,18.4,22,157.8,180.0
10,4,2,9,10,12,16.2,10,142.4,176.2
5,4,6,10,14,17,16.4,19,193.3,180.0
7,5,1,16,0,1,18.7,16,0.0,0.0
2,2,6,9,5,7,15.0,14,55.8,76.1
9,2,5,11,1,4,16.4,22,13.1,21.7
9,2,3,8,11,12,13.9,31,133.1,164.7
4,1,2,9,2,4,11.7,25,18.1,24.1
4,5,0,12,3,5,21.8,33,62.1,88.6
6,2,4,17,5,6,16.8,29,70.8,99.1
10,4,6,8,5,7,19.4,31,82.7,94.5
10,3,1,14,6,7,11.5,23,54.3,70.3
10,3,4,11,4,8,10.3,20,35.9,61.8
6,2,5,13,6,10,15.3,28,72.0,96.9
1,3,2,15,1,3,12.2,32,12.5,14.9
9,3,6,13,0,2,13.4,11,2.2,2.1
2,1,0,9,11,12,12.0,17,116.1,155.4
5,4,6,8,9,11,18.0,22,134.9,165.4
9,4,3,15,7,12,17.4,16,103.9,130.4
4,1,4,15,0,4,8.7,21,1.7,0.0
3,1,3,16,11,13,8.0,17,76.3,111.5
7,3,5,13,1,3,12.0,25,7.6,10.3
6,5,0,8,10,13,20.2,27,164.7,180.0
8,3,4,16,11,13,13.3,28,125.4,180.0
3,1,5,10,9,14,10.0,13,76.2,111.0
5,4,3,13,5,9,19.7,34,81.9,104.1
10,3,3,17,0,3,12.5,21,2.3,2.4
4,5,4,17,9,10,21.4,25,163.3,180.0
4,3,0,16,2,3,10.6,30,14.1,33.6
4,2,3,10,6,10,16.4,31,78.0,121.9
10,3,2,12,11,12,12.7,26,115.4,172.1
8,1,5,12,7,12,8.7,13,58.8,73.8
6,4,4,17,3,5,16.8,29,44.9,65.0
3,4,1,14,11,15,19.7,33,184.8,180.0
10,1,1,11,2,5,8.1,33,13.3,25.7
5,2,0,11,0,2,14.9,31,0.0,5.6
6,1,2,14,11,12,9.3,33,90.0,108.6
5,3,3,16,8,9,12.7,18,84.6,109.8
6,1,1,11,9,12,11.4,14,88.6,130.7
8,1,0,11,5,10,9.4,26,39.1,66.9
7,2,5,13,5,8,14.7,26,68.3,75.1
5,3,2,13,8,12,13.9,11,96.9,119.0
10,5,2,14,0,3,21.1,11,3.7,0.0
6,5,6,8,5,6,21.6,30,90.0,115.2
4,4,0,10,11,16,17.8,32,169.2,180.0
9,1,0,16,4,9,8.9,16,29.4,46.9
4,4,6,13,12,15,17.6,13,180.3,180.0
1,2,3,13,10,14,15.9,22,139.8,169.8
7,5,0,12,14,15,18.4,29,216.3,180.0
7,1,6,10,5,7,9.1,20,39.2,58.3
4,2,3,12,13,18,13.2,12,147.0,180.0
3,2,3,8,10,13,14.7,11,126.8,153.7
8,1,4,10,7,11,11.3,25,65.9,106.0
5,2,2,11,4,8,13.1,12,50.8,63.5
10,1,5,12,1,2,10.7,33,5.2,6.6
7,1,2,17,11,16,11.7,24,114.1,146.9
4,3,2,16,11,12,10.9,26,106.0,139.4
4,4,4,11,1,3,18.8,25,21.7,24.3
8,2,3,10,9,11,16.9,29,124.5,179.8
8,2,3,17,4,6,16.8,16,54.7,75.8
2,3,0,8,2,6,10.9,25,23.1,23.6
2,3,4,17,9,14,10.4,14,73.9,118.3
3,3,0,13,2,3,10.6,11,13.2,23.6
3,5,4,14,7,8,20.8,10,122.3,164.2
1,5,0,17,6,8,20.9,31,107.2,157.3
3,5,1,15,0,5,20.7,22,4.8,1.8
6,1,6,8,11,16,9.3,25,86.8,106.7
8,2,2,11,12,15,13.7,14,137.7,180.0
10,4,2,12,11,16,18.3,12,172.3,180.0
6,1,5,9,4,9,9.9,24,35.2,39.7
5,2,6,8,8,9,15.9,25,109.5,129.7
4,2,3,15,3,8,14.8,20,37.1,50.4
3,3,5,13,0,5,11.4,34,0.0,3.9
4,3,1,12,7,8,11.2,28,63.7,96.0
7,1,5,16,4,9,8.8,27,34.3,41.7
1,3,2,9,1,2,11.1,30,10.0,13.0
7,2,3,17,14,17,13.4,18,158.2,180.0
1,3,1,15,11,15,11.4,17,109.8,131.5
2,5,2,17,0,1,18.1,31,0.0,1.5
4,3,6,16,13,14,10.7,28,118.1,164.9
1,2,0,8,11,16,16.0,31,149.9,180.0
9,1,4,14,11,12,9.3,14,85.6,118.5
6,4,1,15,11,13,18.7,26,174.9,180.0
1,3,3,10,2,4,12.9,14,21.3,35.4
1,2,5,11,8,11,15.3,23,100.0,152.8
6,4,6,10,0,1,19.8,16,0.5,0.0
4,4,5,14,3,8,16.1,18,37.0,55.9
4,5,1,16,7,12,21.0,26,125.2,169.8
6,4,6,10,7,11,19.8,12,122.1,161.6
7,2,3,13,9,12,16.4,17,125.0,155.0
9,2,1,15,11,16,13.7,31,124.3,162.6
10,3,3,13,10,14,11.3,22,95.7,116.8
5,3,5,9,12,17,10.7,25,106.5,138.5
9,3,2,14,10,14,12.4,30,107.2,134.5
4,4,6,9,7,9,18.8,19,111.7,132.2
10,4,0,9,9,11,17.3,27,137.2,175.9
2,5,2,9,7,12,20.2,12,123.4,148.3
3,3,0,8,3,6,12.8,21,32.1,41.9
1,1,5,8,7,8,9.7,25,59.8,68.3
6,5,6,14,8,11,21.4,27,144.4,176.3
6,1,2,12,6,9,11.1,26,56.6,84.2
1,4,2,10,13,14,16.3,16,178.6,180.0
3,5,1,8,11,13,20.5,28,193.8,180.0
5,5,4,17,1,3,18.9,32,20.4,27.0
3,2,5,13,8,9,15.2,32,106.0,123.0
10,4,3,8,10,14,19.8,17,171.3,180.0
3,4,5,16,7,10,19.5,26,118.9,153.8
10,5,3,9,12,17,19.6,30,201.8,180.0
3,4,6,8,4,6,17.2,34,54.9,74.3
5,5,3,14,14,19,18.9,16,230.5,180.0
